cells,compound,exposure_time,condition,treatment,response
DITNC1,DEP,48 Hours,Normoxia,Blank,1.005878250473249
DITNC1,DEP,48 Hours,Normoxia,Blank,0.9660257048919
DITNC1,DEP,48 Hours,Normoxia,Blank,0.9580551957756303
DITNC1,DEP,48 Hours,Normoxia,Blank,0.9644316030686461
DITNC1,DEP,48 Hours,Normoxia,Blank,0.9803726213011857
DITNC1,DEP,48 Hours,Normoxia,Blank,1.012254657766265
DITNC1,DEP,48 Hours,Normoxia,Blank,1.0250074723522966
DITNC1,DEP,48 Hours,Normoxia,Blank,1.0776128325196774
DITNC1,DEP,48 Hours,Normoxia,Blank,1.0010959450034873
DITNC1,DEP,48 Hours,Normoxia,Blank,0.9548669921291223
DITNC1,DEP,48 Hours,Normoxia,Blank,0.967619806715154
DITNC1,DEP,48 Hours,Normoxia,Blank,0.9739962140081698
DITNC1,DEP,48 Hours,Normoxia,Blank,0.9899372322407095
DITNC1,DEP,48 Hours,Normoxia,Blank,1.005878250473249
DITNC1,DEP,48 Hours,Normoxia,Blank,1.0361661851150743
DITNC1,DEP,48 Hours,Normoxia,Blank,1.0808010361661853
DITNC1,DEP,48 Hours,Normoxia,20 ug/ml,1.0281956759988045
DITNC1,DEP,48 Hours,Normoxia,20 ug/ml,0.9963136395337253
DITNC1,DEP,48 Hours,Normoxia,20 ug/ml,0.9899372322407095
DITNC1,DEP,48 Hours,Normoxia,20 ug/ml,0.9947195377104714
DITNC1,DEP,48 Hours,Normoxia,20 ug/ml,1.0297897778220586
DITNC1,DEP,48 Hours,Normoxia,20 ug/ml,1.0441366942313441
DITNC1,DEP,48 Hours,Normoxia,20 ug/ml,1.05848361064063
DITNC1,DEP,48 Hours,Normoxia,20 ug/ml,1.1158712762777723
DITNC1,DEP,48 Hours,Normoxia,20 ug/ml,1.05848361064063
DITNC1,DEP,48 Hours,Normoxia,20 ug/ml,0.9979077413569792
DITNC1,DEP,48 Hours,Normoxia,20 ug/ml,1.0202251668825348
DITNC1,DEP,48 Hours,Normoxia,20 ug/ml,1.0042841486499952
DITNC1,DEP,48 Hours,Normoxia,20 ug/ml,1.0250074723522966
DITNC1,DEP,48 Hours,Normoxia,20 ug/ml,1.047324897877852
DITNC1,DEP,48 Hours,Normoxia,20 ug/ml,1.0616718142871377
DITNC1,DEP,48 Hours,Normoxia,20 ug/ml,1.131812294510312
DITNC1,DEP,48 Hours,Normoxia,50 ug/ml,1.0648600179336456
DITNC1,DEP,48 Hours,Normoxia,50 ug/ml,1.0170369632360268
DITNC1,DEP,48 Hours,Normoxia,50 ug/ml,0.9963136395337253
DITNC1,DEP,48 Hours,Normoxia,50 ug/ml,1.0170369632360268
DITNC1,DEP,48 Hours,Normoxia,50 ug/ml,1.0234133705290427
DITNC1,DEP,48 Hours,Normoxia,50 ug/ml,1.0552954069941218
DITNC1,DEP,48 Hours,Normoxia,50 ug/ml,1.0983361562219787
DITNC1,DEP,48 Hours,Normoxia,50 ug/ml,1.1429710072730896
DITNC1,DEP,48 Hours,Normoxia,50 ug/ml,1.0489189997011061
DITNC1,DEP,48 Hours,Normoxia,50 ug/ml,0.9995018431802333
DITNC1,DEP,48 Hours,Normoxia,50 ug/ml,0.9963136395337253
DITNC1,DEP,48 Hours,Normoxia,50 ug/ml,1.012254657766265
DITNC1,DEP,48 Hours,Normoxia,50 ug/ml,1.0234133705290427
DITNC1,DEP,48 Hours,Normoxia,50 ug/ml,1.0409484905848363
DITNC1,DEP,48 Hours,Normoxia,50 ug/ml,1.0728305270499154
DITNC1,DEP,48 Hours,Normoxia,50 ug/ml,1.130218192687058
DITNC1,DEP,48 Hours,Normoxia,100 ug/ml,1.0664541197568997
DITNC1,DEP,48 Hours,Normoxia,100 ug/ml,1.0313838796453125
DITNC1,DEP,48 Hours,Normoxia,100 ug/ml,1.0250074723522966
DITNC1,DEP,48 Hours,Normoxia,100 ug/ml,1.0361661851150743
DITNC1,DEP,48 Hours,Normoxia,100 ug/ml,1.0489189997011061
DITNC1,DEP,48 Hours,Normoxia,100 ug/ml,1.0728305270499154
DITNC1,DEP,48 Hours,Normoxia,100 ug/ml,1.0999302580452326
DITNC1,DEP,48 Hours,Normoxia,100 ug/ml,1.170070738268407
DITNC1,DEP,48 Hours,Normoxia,100 ug/ml,1.0712364252266615
DITNC1,DEP,48 Hours,Normoxia,100 ug/ml,1.0250074723522966
DITNC1,DEP,48 Hours,Normoxia,100 ug/ml,1.0313838796453125
DITNC1,DEP,48 Hours,Normoxia,100 ug/ml,1.0266015741755505
DITNC1,DEP,48 Hours,Normoxia,100 ug/ml,0.9995018431802333
DITNC1,DEP,48 Hours,Normoxia,100 ug/ml,1.0728305270499154
DITNC1,DEP,48 Hours,Normoxia,100 ug/ml,1.1079007671615024
DITNC1,DEP,48 Hours,Normoxia,100 ug/ml,1.165288432798645
DITNC1,DEP,48 Hours,Normoxia,Blank,1.0140050377833751
DITNC1,DEP,48 Hours,Normoxia,Blank,0.9608060453400503
DITNC1,DEP,48 Hours,Normoxia,Blank,0.9366246851385389
DITNC1,DEP,48 Hours,Normoxia,Blank,0.9672544080604533
DITNC1,DEP,48 Hours,Normoxia,Blank,0.9785390428211586
DITNC1,DEP,48 Hours,Normoxia,Blank,0.9849874055415616
DITNC1,DEP,48 Hours,Normoxia,Blank,1.0140050377833751
DITNC1,DEP,48 Hours,Normoxia,Blank,1.0704282115869017
DITNC1,DEP,48 Hours,Normoxia,Blank,1.015617128463476
DITNC1,DEP,48 Hours,Normoxia,Blank,0.9672544080604533
DITNC1,DEP,48 Hours,Normoxia,Blank,0.975314861460957
DITNC1,DEP,48 Hours,Normoxia,Blank,0.9817632241813601
DITNC1,DEP,48 Hours,Normoxia,Blank,0.9898236775818638
DITNC1,DEP,48 Hours,Normoxia,Blank,1.015617128463476
DITNC1,DEP,48 Hours,Normoxia,Blank,1.0317380352644836
DITNC1,DEP,48 Hours,Normoxia,Blank,1.096221662468514
DITNC1,DEP,48 Hours,Normoxia,20 ug/ml,1.0172292191435768
DITNC1,DEP,48 Hours,Normoxia,20 ug/ml,0.9737027707808563
DITNC1,DEP,48 Hours,Normoxia,20 ug/ml,0.9672544080604533
DITNC1,DEP,48 Hours,Normoxia,20 ug/ml,0.9946599496221662
DITNC1,DEP,48 Hours,Normoxia,20 ug/ml,0.9849874055415616
DITNC1,DEP,48 Hours,Normoxia,20 ug/ml,1.0140050377833751
DITNC1,DEP,48 Hours,Normoxia,20 ug/ml,1.0269017632241813
DITNC1,DEP,48 Hours,Normoxia,20 ug/ml,1.101057934508816
DITNC1,DEP,48 Hours,Normoxia,20 ug/ml,1.030125944584383
DITNC1,DEP,48 Hours,Normoxia,20 ug/ml,0.9962720403022669
DITNC1,DEP,48 Hours,Normoxia,20 ug/ml,0.9769269521410578
DITNC1,DEP,48 Hours,Normoxia,20 ug/ml,1.0011083123425693
DITNC1,DEP,48 Hours,Normoxia,20 ug/ml,0.9930478589420654
DITNC1,DEP,48 Hours,Normoxia,20 ug/ml,1.015617128463476
DITNC1,DEP,48 Hours,Normoxia,20 ug/ml,1.041410579345088
DITNC1,DEP,48 Hours,Normoxia,20 ug/ml,1.1091183879093198
DITNC1,DEP,48 Hours,Normoxia,50 ug/ml,1.0639798488664987
DITNC1,DEP,48 Hours,Normoxia,50 ug/ml,1.015617128463476
DITNC1,DEP,48 Hours,Normoxia,50 ug/ml,1.0075566750629723
DITNC1,DEP,48 Hours,Normoxia,50 ug/ml,1.015617128463476
DITNC1,DEP,48 Hours,Normoxia,50 ug/ml,0.9946599496221662
DITNC1,DEP,48 Hours,Normoxia,50 ug/ml,1.0252896725440805
DITNC1,DEP,48 Hours,Normoxia,50 ug/ml,1.0478589420654911
DITNC1,DEP,48 Hours,Normoxia,50 ug/ml,1.1171788413098236
DITNC1,DEP,48 Hours,Normoxia,50 ug/ml,1.0478589420654911
DITNC1,DEP,48 Hours,Normoxia,50 ug/ml,0.9898236775818638
DITNC1,DEP,48 Hours,Normoxia,50 ug/ml,0.9882115869017631
DITNC1,DEP,48 Hours,Normoxia,50 ug/ml,1.0011083123425693
DITNC1,DEP,48 Hours,Normoxia,50 ug/ml,0.9994962216624684
DITNC1,DEP,48 Hours,Normoxia,50 ug/ml,1.0220654911838791
DITNC1,DEP,48 Hours,Normoxia,50 ug/ml,1.034962216624685
DITNC1,DEP,48 Hours,Normoxia,50 ug/ml,1.102670025188917
DITNC1,DEP,48 Hours,Normoxia,100 ug/ml,1.0881612090680102
DITNC1,DEP,48 Hours,Normoxia,100 ug/ml,1.0333501259445843
DITNC1,DEP,48 Hours,Normoxia,100 ug/ml,1.0107808564231737
DITNC1,DEP,48 Hours,Normoxia,100 ug/ml,1.036574307304786
DITNC1,DEP,48 Hours,Normoxia,100 ug/ml,1.0220654911838791
DITNC1,DEP,48 Hours,Normoxia,100 ug/ml,1.0494710327455918
DITNC1,DEP,48 Hours,Normoxia,100 ug/ml,1.075264483627204
DITNC1,DEP,48 Hours,Normoxia,100 ug/ml,1.1365239294710325
DITNC1,DEP,48 Hours,Normoxia,100 ug/ml,1.0607556675062972
DITNC1,DEP,48 Hours,Normoxia,100 ug/ml,1.0172292191435768
DITNC1,DEP,48 Hours,Normoxia,100 ug/ml,1.0075566750629723
DITNC1,DEP,48 Hours,Normoxia,100 ug/ml,1.0269017632241813
DITNC1,DEP,48 Hours,Normoxia,100 ug/ml,1.0252896725440805
DITNC1,DEP,48 Hours,Normoxia,100 ug/ml,1.0494710327455918
DITNC1,DEP,48 Hours,Normoxia,100 ug/ml,1.0704282115869017
DITNC1,DEP,48 Hours,Normoxia,100 ug/ml,1.1316876574307304
DITNC1,DEP,48 Hours,Normoxia,Blank,1.0187494051584658
DITNC1,DEP,48 Hours,Normoxia,Blank,0.9684971923479584
DITNC1,DEP,48 Hours,Normoxia,Blank,0.9502236604168648
DITNC1,DEP,48 Hours,Normoxia,Blank,0.9502236604168648
DITNC1,DEP,48 Hours,Normoxia,Blank,0.9563148377272294
DITNC1,DEP,48 Hours,Normoxia,Blank,0.9974302845721899
DITNC1,DEP,48 Hours,Normoxia,Blank,1.0659560293137906
DITNC1,DEP,48 Hours,Normoxia,Blank,1.1207766251070712
DITNC1,DEP,48 Hours,Normoxia,Blank,1.0141810221756924
DITNC1,DEP,48 Hours,Normoxia,Blank,0.9608832207100028
DITNC1,DEP,48 Hours,Normoxia,Blank,0.9502236604168648
DITNC1,DEP,48 Hours,Normoxia,Blank,0.9502236604168648
DITNC1,DEP,48 Hours,Normoxia,Blank,0.963928809365185
DITNC1,DEP,48 Hours,Normoxia,Blank,1.0019986675549633
DITNC1,DEP,48 Hours,Normoxia,Blank,1.0294089654516037
DITNC1,DEP,48 Hours,Normoxia,Blank,1.1009802988483866
DITNC1,DEP,48 Hours,Normoxia,20 ug/ml,1.0568192633482438
DITNC1,DEP,48 Hours,Normoxia,20 ug/ml,0.9852479299514608
DITNC1,DEP,48 Hours,Normoxia,20 ug/ml,0.9943846959170076
DITNC1,DEP,48 Hours,Normoxia,20 ug/ml,0.9943846959170076
DITNC1,DEP,48 Hours,Normoxia,20 ug/ml,0.9959074902445988
DITNC1,DEP,48 Hours,Normoxia,20 ug/ml,1.0309317597791947
DITNC1,DEP,48 Hours,Normoxia,20 ug/ml,1.047682497382697
DITNC1,DEP,48 Hours,Normoxia,20 ug/ml,1.140572951365756
DITNC1,DEP,48 Hours,Normoxia,20 ug/ml,1.0644332349861994
DITNC1,DEP,48 Hours,Normoxia,20 ug/ml,0.9974302845721899
DITNC1,DEP,48 Hours,Normoxia,20 ug/ml,0.9974302845721899
DITNC1,DEP,48 Hours,Normoxia,20 ug/ml,1.0050442562101456
DITNC1,DEP,48 Hours,Normoxia,20 ug/ml,1.0400685257447415
DITNC1,DEP,48 Hours,Normoxia,20 ug/ml,1.0522508803654704
DITNC1,DEP,48 Hours,Normoxia,20 ug/ml,1.0674788236413817
DITNC1,DEP,48 Hours,Normoxia,20 ug/ml,1.1588464832968495
DITNC1,DEP,48 Hours,Normoxia,50 ug/ml,1.0796611782621108
DITNC1,DEP,48 Hours,Normoxia,50 ug/ml,1.0278861711240126
DITNC1,DEP,48 Hours,Normoxia,50 ug/ml,1.0141810221756924
DITNC1,DEP,48 Hours,Normoxia,50 ug/ml,1.0278861711240126
DITNC1,DEP,48 Hours,Normoxia,50 ug/ml,1.021794993813648
DITNC1,DEP,48 Hours,Normoxia,50 ug/ml,1.0537736746930615
DITNC1,DEP,48 Hours,Normoxia,50 ug/ml,1.093366327210431
DITNC1,DEP,48 Hours,Normoxia,50 ug/ml,1.1664604549348052
DITNC1,DEP,48 Hours,Normoxia,50 ug/ml,1.0887979442276576
DITNC1,DEP,48 Hours,Normoxia,50 ug/ml,1.021794993813648
DITNC1,DEP,48 Hours,Normoxia,50 ug/ml,1.01113543352051
DITNC1,DEP,48 Hours,Normoxia,50 ug/ml,1.0172266108308745
DITNC1,DEP,48 Hours,Normoxia,50 ug/ml,1.0537736746930615
DITNC1,DEP,48 Hours,Normoxia,50 ug/ml,1.0537736746930615
DITNC1,DEP,48 Hours,Normoxia,50 ug/ml,1.070524412296564
DITNC1,DEP,48 Hours,Normoxia,50 ug/ml,1.1618920719520318
DITNC1,DEP,48 Hours,Normoxia,100 ug/ml,1.104025887503569
DITNC1,DEP,48 Hours,Normoxia,100 ug/ml,1.0278861711240126
DITNC1,DEP,48 Hours,Normoxia,100 ug/ml,1.0172266108308745
DITNC1,DEP,48 Hours,Normoxia,100 ug/ml,1.0157038165032835
DITNC1,DEP,48 Hours,Normoxia,100 ug/ml,1.0248405824688303
DITNC1,DEP,48 Hours,Normoxia,100 ug/ml,1.046159703055106
DITNC1,DEP,48 Hours,Normoxia,100 ug/ml,1.0872751499000664
DITNC1,DEP,48 Hours,Normoxia,100 ug/ml,1.1816883982107165
DITNC1,DEP,48 Hours,Normoxia,100 ug/ml,1.0903207385552487
DITNC1,DEP,48 Hours,Normoxia,100 ug/ml,1.0050442562101456
DITNC1,DEP,48 Hours,Normoxia,100 ug/ml,1.009612639192919
DITNC1,DEP,48 Hours,Normoxia,100 ug/ml,1.0263633767964213
DITNC1,DEP,48 Hours,Normoxia,100 ug/ml,1.0294089654516037
DITNC1,DEP,48 Hours,Normoxia,100 ug/ml,1.0613876463310172
DITNC1,DEP,48 Hours,Normoxia,100 ug/ml,1.126867802417436
DITNC1,DEP,48 Hours,Normoxia,100 ug/ml,1.2075759017797658
DITNC1,Ox66,24 Hours,Normoxia,Blank,1.0059950285129404
DITNC1,Ox66,24 Hours,Normoxia,Blank,0.9896183652580786
DITNC1,Ox66,24 Hours,Normoxia,Blank,0.9802602719695861
DITNC1,Ox66,24 Hours,Normoxia,Blank,0.9919578885802017
DITNC1,Ox66,24 Hours,Normoxia,Blank,1.001315981868694
DITNC1,Ox66,24 Hours,Normoxia,Blank,1.0106740751571865
DITNC1,Ox66,24 Hours,Normoxia,Blank,1.0317297850562948
DITNC1,Ox66,24 Hours,Normoxia,Blank,1.120631671296973
DITNC1,Ox66,24 Hours,Normoxia,Blank,0.9849393186138323
DITNC1,Ox66,24 Hours,Normoxia,Blank,0.9732417020032167
DITNC1,Ox66,24 Hours,Normoxia,Blank,0.9381488521713701
DITNC1,Ox66,24 Hours,Normoxia,Blank,0.9662231320368474
DITNC1,Ox66,24 Hours,Normoxia,Blank,0.9451674221377394
DITNC1,Ox66,24 Hours,Normoxia,Blank,0.9615440853926012
DITNC1,Ox66,24 Hours,Normoxia,Blank,1.0130135984793098
DITNC1,Ox66,24 Hours,Normoxia,Blank,1.0855388214651265
DITNC1,Ox66,24 Hours,Normoxia,50 ppm,1.073841204854511
DITNC1,Ox66,24 Hours,Normoxia,50 ppm,1.0059950285129404
DITNC1,Ox66,24 Hours,Normoxia,50 ppm,1.015353121801433
DITNC1,Ox66,24 Hours,Normoxia,50 ppm,1.0364088317005409
DITNC1,Ox66,24 Hours,Normoxia,50 ppm,1.0457669249890333
DITNC1,Ox66,24 Hours,Normoxia,50 ppm,1.0668226348881416
DITNC1,Ox66,24 Hours,Normoxia,50 ppm,1.0457669249890333
DITNC1,Ox66,24 Hours,Normoxia,50 ppm,1.1440269045182043
DITNC1,Ox66,24 Hours,Normoxia,50 ppm,1.0878783447872495
DITNC1,Ox66,24 Hours,Normoxia,50 ppm,1.0293902617341717
DITNC1,Ox66,24 Hours,Normoxia,50 ppm,1.0340693083784178
DITNC1,Ox66,24 Hours,Normoxia,50 ppm,1.0247112150899254
DITNC1,Ox66,24 Hours,Normoxia,50 ppm,1.0808597748208801
DITNC1,Ox66,24 Hours,Normoxia,50 ppm,1.0457669249890333
DITNC1,Ox66,24 Hours,Normoxia,50 ppm,1.0855388214651265
DITNC1,Ox66,24 Hours,Normoxia,50 ppm,1.19315689428279
DITNC1,Ox66,24 Hours,Normoxia,100 ppm,1.1487059511624507
DITNC1,Ox66,24 Hours,Normoxia,100 ppm,1.0925573914314959
DITNC1,Ox66,24 Hours,Normoxia,100 ppm,1.0831992981430034
DITNC1,Ox66,24 Hours,Normoxia,100 ppm,1.1276502412633425
DITNC1,Ox66,24 Hours,Normoxia,100 ppm,1.1346688112297119
DITNC1,Ox66,24 Hours,Normoxia,100 ppm,1.1323292879075888
DITNC1,Ox66,24 Hours,Normoxia,100 ppm,1.1276502412633425
DITNC1,Ox66,24 Hours,Normoxia,100 ppm,1.2469659306916216
DITNC1,Ox66,24 Hours,Normoxia,100 ppm,1.1323292879075888
DITNC1,Ox66,24 Hours,Normoxia,100 ppm,1.0527854949554027
DITNC1,Ox66,24 Hours,Normoxia,100 ppm,1.0621435882438952
DITNC1,Ox66,24 Hours,Normoxia,100 ppm,1.0364088317005409
DITNC1,Ox66,24 Hours,Normoxia,100 ppm,1.0598040649217721
DITNC1,Ox66,24 Hours,Normoxia,100 ppm,1.0925573914314959
DITNC1,Ox66,24 Hours,Normoxia,100 ppm,1.055125018277526
DITNC1,Ox66,24 Hours,Normoxia,100 ppm,1.1299897645854655
DITNC1,Ox66,24 Hours,Normoxia,200 ppm,1.2376078374031292
DITNC1,Ox66,24 Hours,Normoxia,200 ppm,1.176780231027928
DITNC1,Ox66,24 Hours,Normoxia,200 ppm,1.1697616610615587
DITNC1,Ox66,24 Hours,Normoxia,200 ppm,1.218891650826144
DITNC1,Ox66,24 Hours,Normoxia,200 ppm,1.2259102207925134
DITNC1,Ox66,24 Hours,Normoxia,200 ppm,1.2025149875712824
DITNC1,Ox66,24 Hours,Normoxia,200 ppm,1.235268314081006
DITNC1,Ox66,24 Hours,Normoxia,200 ppm,1.3031144904225764
DITNC1,Ox66,24 Hours,Normoxia,200 ppm,1.1627430910951893
DITNC1,Ox66,24 Hours,Normoxia,200 ppm,1.1627430910951893
DITNC1,Ox66,24 Hours,Normoxia,200 ppm,1.1276502412633425
DITNC1,Ox66,24 Hours,Normoxia,200 ppm,1.1814592776721742
DITNC1,Ox66,24 Hours,Normoxia,200 ppm,1.197835940927036
DITNC1,Ox66,24 Hours,Normoxia,200 ppm,1.1346688112297119
DITNC1,Ox66,24 Hours,Normoxia,200 ppm,1.1791197543500511
DITNC1,Ox66,24 Hours,Normoxia,200 ppm,1.2586635473022372
DITNC1,Ox66,24 Hours,Normoxia,Blank,1.018362900715842
DITNC1,Ox66,24 Hours,Normoxia,Blank,0.9635854341736695
DITNC1,Ox66,24 Hours,Normoxia,Blank,0.9561157796451915
DITNC1,Ox66,24 Hours,Normoxia,Blank,0.9859943977591037
DITNC1,Ox66,24 Hours,Normoxia,Blank,0.9760348583877996
DITNC1,Ox66,24 Hours,Normoxia,Blank,0.9984438219732338
DITNC1,Ox66,24 Hours,Normoxia,Blank,0.9984438219732338
DITNC1,Ox66,24 Hours,Normoxia,Blank,1.0806100217864922
DITNC1,Ox66,24 Hours,Normoxia,Blank,1.0133831310301897
DITNC1,Ox66,24 Hours,Normoxia,Blank,0.9660753190164955
DITNC1,Ox66,24 Hours,Normoxia,Blank,0.9586056644880174
DITNC1,Ox66,24 Hours,Normoxia,Blank,0.9810146280734516
DITNC1,Ox66,24 Hours,Normoxia,Blank,0.9959539371304077
DITNC1,Ox66,24 Hours,Normoxia,Blank,0.9959539371304077
DITNC1,Ox66,24 Hours,Normoxia,Blank,1.0308123249299719
DITNC1,Ox66,24 Hours,Normoxia,Blank,1.0806100217864922
DITNC1,Ox66,24 Hours,Normoxia,50 ppm,1.1428571428571428
DITNC1,Ox66,24 Hours,Normoxia,50 ppm,1.0830999066293183
DITNC1,Ox66,24 Hours,Normoxia,50 ppm,1.0606909430438842
DITNC1,Ox66,24 Hours,Normoxia,50 ppm,1.0806100217864922
DITNC1,Ox66,24 Hours,Normoxia,50 ppm,1.0855897914721444
DITNC1,Ox66,24 Hours,Normoxia,50 ppm,1.0781201369436664
DITNC1,Ox66,24 Hours,Normoxia,50 ppm,1.1378773731714908
DITNC1,Ox66,24 Hours,Normoxia,50 ppm,1.2300031123560535
DITNC1,Ox66,24 Hours,Normoxia,50 ppm,1.132897603485839
DITNC1,Ox66,24 Hours,Normoxia,50 ppm,1.0656707127295362
DITNC1,Ox66,24 Hours,Normoxia,50 ppm,1.0706504824151883
DITNC1,Ox66,24 Hours,Normoxia,50 ppm,1.0806100217864922
DITNC1,Ox66,24 Hours,Normoxia,50 ppm,1.0980392156862744
DITNC1,Ox66,24 Hours,Normoxia,50 ppm,1.0706504824151883
DITNC1,Ox66,24 Hours,Normoxia,50 ppm,1.132897603485839
DITNC1,Ox66,24 Hours,Normoxia,50 ppm,1.2300031123560535
DITNC1,Ox66,24 Hours,Normoxia,100 ppm,1.1229380641145348
DITNC1,Ox66,24 Hours,Normoxia,100 ppm,1.06318082788671
DITNC1,Ox66,24 Hours,Normoxia,100 ppm,1.0681605975723623
DITNC1,Ox66,24 Hours,Normoxia,100 ppm,1.1204481792717087
DITNC1,Ox66,24 Hours,Normoxia,100 ppm,1.132897603485839
DITNC1,Ox66,24 Hours,Normoxia,100 ppm,1.1279178338001867
DITNC1,Ox66,24 Hours,Normoxia,100 ppm,1.0905695611577964
DITNC1,Ox66,24 Hours,Normoxia,100 ppm,1.1951447245564892
DITNC1,Ox66,24 Hours,Normoxia,100 ppm,1.2125739184562714
DITNC1,Ox66,24 Hours,Normoxia,100 ppm,1.1179582944288826
DITNC1,Ox66,24 Hours,Normoxia,100 ppm,1.1279178338001867
DITNC1,Ox66,24 Hours,Normoxia,100 ppm,1.1079987550575785
DITNC1,Ox66,24 Hours,Normoxia,100 ppm,1.132897603485839
DITNC1,Ox66,24 Hours,Normoxia,100 ppm,1.1453470276999689
DITNC1,Ox66,24 Hours,Normoxia,100 ppm,1.1876750700280112
DITNC1,Ox66,24 Hours,Normoxia,100 ppm,1.2051042639277934
DITNC1,Ox66,24 Hours,Normoxia,200 ppm,1.2324929971988796
DITNC1,Ox66,24 Hours,Normoxia,200 ppm,1.2399626517273576
DITNC1,Ox66,24 Hours,Normoxia,200 ppm,1.2001244942421412
DITNC1,Ox66,24 Hours,Normoxia,200 ppm,1.274821039526922
DITNC1,Ox66,24 Hours,Normoxia,200 ppm,1.2374727668845316
DITNC1,Ox66,24 Hours,Normoxia,200 ppm,1.2698412698412698
DITNC1,Ox66,24 Hours,Normoxia,200 ppm,1.297230003112356
DITNC1,Ox66,24 Hours,Normoxia,200 ppm,1.3619670090258327
DITNC1,Ox66,24 Hours,Normoxia,200 ppm,1.2225334578275755
DITNC1,Ox66,24 Hours,Normoxia,200 ppm,1.167755991285403
DITNC1,Ox66,24 Hours,Normoxia,200 ppm,1.1851851851851851
DITNC1,Ox66,24 Hours,Normoxia,200 ppm,1.2424525365701835
DITNC1,Ox66,24 Hours,Normoxia,200 ppm,1.1876750700280112
DITNC1,Ox66,24 Hours,Normoxia,200 ppm,1.177715530656707
DITNC1,Ox66,24 Hours,Normoxia,200 ppm,1.2648615001556178
DITNC1,Ox66,24 Hours,Normoxia,200 ppm,1.267351384998444
DITNC1,Ox66,24 Hours,Normoxia,Blank,0.9813854134879463
DITNC1,Ox66,24 Hours,Normoxia,Blank,0.9569728410131217
DITNC1,Ox66,24 Hours,Normoxia,Blank,0.9374427830332621
DITNC1,Ox66,24 Hours,Normoxia,Blank,0.9618553555080867
DITNC1,Ox66,24 Hours,Normoxia,Blank,0.9813854134879463
DITNC1,Ox66,24 Hours,Normoxia,Blank,0.9911504424778761
DITNC1,Ox66,24 Hours,Normoxia,Blank,1.018004272200183
DITNC1,Ox66,24 Hours,Normoxia,Blank,1.0326518156850777
DITNC1,Ox66,24 Hours,Normoxia,Blank,1.0424168446750075
DITNC1,Ox66,24 Hours,Normoxia,Blank,0.9887091852303936
DITNC1,Ox66,24 Hours,Normoxia,Blank,0.9887091852303936
DITNC1,Ox66,24 Hours,Normoxia,Blank,0.9911504424778761
DITNC1,Ox66,24 Hours,Normoxia,Blank,1.0033567287152882
DITNC1,Ox66,24 Hours,Normoxia,Blank,0.9838266707354287
DITNC1,Ox66,24 Hours,Normoxia,Blank,1.0302105584375953
DITNC1,Ox66,24 Hours,Normoxia,Blank,1.1107720476045164
DITNC1,Ox66,24 Hours,Normoxia,50 ppm,1.1766859932865426
DITNC1,Ox66,24 Hours,Normoxia,50 ppm,1.0912419896246566
DITNC1,Ox66,24 Hours,Normoxia,50 ppm,1.1010070186145864
DITNC1,Ox66,24 Hours,Normoxia,50 ppm,1.1107720476045164
DITNC1,Ox66,24 Hours,Normoxia,50 ppm,1.0936832468721391
DITNC1,Ox66,24 Hours,Normoxia,50 ppm,1.0936832468721391
DITNC1,Ox66,24 Hours,Normoxia,50 ppm,1.169362221544095
DITNC1,Ox66,24 Hours,Normoxia,50 ppm,1.2377174244736038
DITNC1,Ox66,24 Hours,Normoxia,50 ppm,1.135184620079341
DITNC1,Ox66,24 Hours,Normoxia,50 ppm,1.0790357033872444
DITNC1,Ox66,24 Hours,Normoxia,50 ppm,1.049740616417455
DITNC1,Ox66,24 Hours,Normoxia,50 ppm,1.0619469026548671
DITNC1,Ox66,24 Hours,Normoxia,50 ppm,1.0863594751296917
DITNC1,Ox66,24 Hours,Normoxia,50 ppm,1.1010070186145864
DITNC1,Ox66,24 Hours,Normoxia,50 ppm,1.152273420811718
DITNC1,Ox66,24 Hours,Normoxia,50 ppm,1.1498321635642355
DITNC1,Ox66,24 Hours,Normoxia,100 ppm,1.1449496490692705
DITNC1,Ox66,24 Hours,Normoxia,100 ppm,1.0790357033872444
DITNC1,Ox66,24 Hours,Normoxia,100 ppm,1.1083307903570339
DITNC1,Ox66,24 Hours,Normoxia,100 ppm,1.1547146780592004
DITNC1,Ox66,24 Hours,Normoxia,100 ppm,1.1083307903570339
DITNC1,Ox66,24 Hours,Normoxia,100 ppm,1.1058895331095515
DITNC1,Ox66,24 Hours,Normoxia,100 ppm,1.1205370765944462
DITNC1,Ox66,24 Hours,Normoxia,100 ppm,1.2328349099786389
DITNC1,Ox66,24 Hours,Normoxia,100 ppm,1.1425083918217882
DITNC1,Ox66,24 Hours,Normoxia,100 ppm,1.1058895331095515
DITNC1,Ox66,24 Hours,Normoxia,100 ppm,1.1254195910894111
DITNC1,Ox66,24 Hours,Normoxia,100 ppm,1.1400671345743059
DITNC1,Ox66,24 Hours,Normoxia,100 ppm,1.1620384498016478
DITNC1,Ox66,24 Hours,Normoxia,100 ppm,1.1620384498016478
DITNC1,Ox66,24 Hours,Normoxia,100 ppm,1.1547146780592004
DITNC1,Ox66,24 Hours,Normoxia,100 ppm,1.2328349099786389
DITNC1,Ox66,24 Hours,Normoxia,200 ppm,1.2352761672261214
DITNC1,Ox66,24 Hours,Normoxia,200 ppm,1.1766859932865426
DITNC1,Ox66,24 Hours,Normoxia,200 ppm,1.1547146780592004
DITNC1,Ox66,24 Hours,Normoxia,200 ppm,1.1595971925541653
DITNC1,Ox66,24 Hours,Normoxia,200 ppm,1.1547146780592004
DITNC1,Ox66,24 Hours,Normoxia,200 ppm,1.2303936527311565
DITNC1,Ox66,24 Hours,Normoxia,200 ppm,1.2206286237412267
DITNC1,Ox66,24 Hours,Normoxia,200 ppm,1.3158376563930425
DITNC1,Ox66,24 Hours,Normoxia,200 ppm,1.1913335367714373
DITNC1,Ox66,24 Hours,Normoxia,200 ppm,1.1913335367714373
DITNC1,Ox66,24 Hours,Normoxia,200 ppm,1.1498321635642355
DITNC1,Ox66,24 Hours,Normoxia,200 ppm,1.152273420811718
DITNC1,Ox66,24 Hours,Normoxia,200 ppm,1.2084223375038143
DITNC1,Ox66,24 Hours,Normoxia,200 ppm,1.169362221544095
DITNC1,Ox66,24 Hours,Normoxia,200 ppm,1.254806225205981
DITNC1,Ox66,24 Hours,Normoxia,200 ppm,1.3060726274031127
DITNC1,DEP,24 Hours,Normoxia,Blank,1.0752782020510583
DITNC1,DEP,24 Hours,Normoxia,Blank,1.0106916866681213
DITNC1,DEP,24 Hours,Normoxia,Blank,1.0054549421776129
DITNC1,DEP,24 Hours,Normoxia,Blank,1.0281475016364825
DITNC1,DEP,24 Hours,Normoxia,Blank,1.0246563386428102
DITNC1,DEP,24 Hours,Normoxia,Blank,1.0508400610953523
DITNC1,DEP,24 Hours,Normoxia,Blank,1.0735326205542222
DITNC1,DEP,24 Hours,Normoxia,Blank,1.1206633209687977
DITNC1,DEP,24 Hours,Normoxia,Blank,1.0386209906174995
DITNC1,DEP,24 Hours,Normoxia,Blank,0.9303949378136592
DITNC1,DEP,24 Hours,Normoxia,Blank,0.8850098188959197
DITNC1,DEP,24 Hours,Normoxia,Blank,0.9269037748199869
DITNC1,DEP,24 Hours,Normoxia,Blank,0.9373772638010037
DITNC1,DEP,24 Hours,Normoxia,Blank,0.9269037748199869
DITNC1,DEP,24 Hours,Normoxia,Blank,0.953087497272529
DITNC1,DEP,24 Hours,Normoxia,Blank,1.0124372681649574
DITNC1,DEP,24 Hours,Normoxia,20 ug/ml,1.04734889810168
DITNC1,DEP,24 Hours,Normoxia,20 ug/ml,0.9775256382282348
DITNC1,DEP,24 Hours,Normoxia,20 ug/ml,0.9094479598516255
DITNC1,DEP,24 Hours,Normoxia,20 ug/ml,0.9373772638010037
DITNC1,DEP,24 Hours,Normoxia,20 ug/ml,0.9757800567313987
DITNC1,DEP,24 Hours,Normoxia,20 ug/ml,0.9495963342788567
DITNC1,DEP,24 Hours,Normoxia,20 ug/ml,0.9687977307440542
DITNC1,DEP,24 Hours,Normoxia,20 ug/ml,1.04734889810168
DITNC1,DEP,24 Hours,Normoxia,20 ug/ml,1.0089461051712851
DITNC1,DEP,24 Hours,Normoxia,20 ug/ml,0.9583242417630373
DITNC1,DEP,24 Hours,Normoxia,20 ug/ml,0.9199214488326424
DITNC1,DEP,24 Hours,Normoxia,20 ug/ml,0.9443595897883482
DITNC1,DEP,24 Hours,Normoxia,20 ug/ml,0.967052149247218
DITNC1,DEP,24 Hours,Normoxia,20 ug/ml,0.9618154047567096
DITNC1,DEP,24 Hours,Normoxia,20 ug/ml,0.982762382718743
DITNC1,DEP,24 Hours,Normoxia,20 ug/ml,1.0490944795985162
DITNC1,DEP,24 Hours,Normoxia,50 ug/ml,1.0543312240890246
DITNC1,DEP,24 Hours,Normoxia,50 ug/ml,0.9757800567313987
DITNC1,DEP,24 Hours,Normoxia,50 ug/ml,0.9286493563168231
DITNC1,DEP,24 Hours,Normoxia,50 ug/ml,0.9740344752345625
DITNC1,DEP,24 Hours,Normoxia,50 ug/ml,0.9775256382282348
DITNC1,DEP,24 Hours,Normoxia,50 ug/ml,0.9687977307440542
DITNC1,DEP,24 Hours,Normoxia,50 ug/ml,0.9757800567313987
DITNC1,DEP,24 Hours,Normoxia,50 ug/ml,1.0438577351080078
DITNC1,DEP,24 Hours,Normoxia,50 ug/ml,1.1014619245036001
DITNC1,DEP,24 Hours,Normoxia,50 ug/ml,1.0298930831333186
DITNC1,DEP,24 Hours,Normoxia,50 ug/ml,0.9984726161902683
DITNC1,DEP,24 Hours,Normoxia,50 ug/ml,1.0054549421776129
DITNC1,DEP,24 Hours,Normoxia,50 ug/ml,0.9914902902029237
DITNC1,DEP,24 Hours,Normoxia,50 ug/ml,1.007200523674449
DITNC1,DEP,24 Hours,Normoxia,50 ug/ml,1.0648047130700413
DITNC1,DEP,24 Hours,Normoxia,50 ug/ml,1.0962251800130918
DITNC1,DEP,24 Hours,Normoxia,100 ug/ml,1.0752782020510583
DITNC1,DEP,24 Hours,Normoxia,100 ug/ml,1.0368754091206633
DITNC1,DEP,24 Hours,Normoxia,100 ug/ml,0.9687977307440542
DITNC1,DEP,24 Hours,Normoxia,100 ug/ml,1.0176740126554658
DITNC1,DEP,24 Hours,Normoxia,100 ug/ml,1.0124372681649574
DITNC1,DEP,24 Hours,Normoxia,100 ug/ml,1.0246563386428102
DITNC1,DEP,24 Hours,Normoxia,100 ug/ml,1.0787693650447305
DITNC1,DEP,24 Hours,Normoxia,100 ug/ml,1.1014619245036001
DITNC1,DEP,24 Hours,Normoxia,100 ug/ml,1.0525856425921885
DITNC1,DEP,24 Hours,Normoxia,100 ug/ml,1.0089461051712851
DITNC1,DEP,24 Hours,Normoxia,100 ug/ml,0.9373772638010037
DITNC1,DEP,24 Hours,Normoxia,100 ug/ml,0.9879991272092514
DITNC1,DEP,24 Hours,Normoxia,100 ug/ml,0.9897447087060876
DITNC1,DEP,24 Hours,Normoxia,100 ug/ml,0.9757800567313987
DITNC1,DEP,24 Hours,Normoxia,100 ug/ml,0.994981453196596
DITNC1,DEP,24 Hours,Normoxia,100 ug/ml,1.0630591315732052
DITNC1,DEP,24 Hours,Normoxia,Blank,1.0590648957995898
DITNC1,DEP,24 Hours,Normoxia,Blank,0.9588597343699387
DITNC1,DEP,24 Hours,Normoxia,Blank,0.908757153655113
DITNC1,DEP,24 Hours,Normoxia,Blank,0.9139401792463018
DITNC1,DEP,24 Hours,Normoxia,Blank,0.9381276320051831
DITNC1,DEP,24 Hours,Normoxia,Blank,0.9294892560198684
DITNC1,DEP,24 Hours,Normoxia,Blank,0.9623150847640646
DITNC1,DEP,24 Hours,Normoxia,Blank,1.0366051182377714
DITNC1,DEP,24 Hours,Normoxia,Blank,1.084980023755534
DITNC1,DEP,24 Hours,Normoxia,Blank,1.0573372206025269
DITNC1,DEP,24 Hours,Normoxia,Blank,1.0245113918583306
DITNC1,DEP,24 Hours,Normoxia,Blank,1.0072346398877012
DITNC1,DEP,24 Hours,Normoxia,Blank,1.0176006910700788
DITNC1,DEP,24 Hours,Normoxia,Blank,1.0176006910700788
DITNC1,DEP,24 Hours,Normoxia,Blank,1.0210560414642047
DITNC1,DEP,24 Hours,Normoxia,Blank,1.0625202461937155
DITNC1,DEP,24 Hours,Normoxia,20 ug/ml,1.1091674765144155
DITNC1,DEP,24 Hours,Normoxia,20 ug/ml,1.0383327934348343
DITNC1,DEP,24 Hours,Normoxia,20 ug/ml,1.0072346398877012
DITNC1,DEP,24 Hours,Normoxia,20 ug/ml,1.0245113918583306
DITNC1,DEP,24 Hours,Normoxia,20 ug/ml,1.0383327934348343
DITNC1,DEP,24 Hours,Normoxia,20 ug/ml,1.0262390670553936
DITNC1,DEP,24 Hours,Normoxia,20 ug/ml,1.0677032717849044
DITNC1,DEP,24 Hours,Normoxia,20 ug/ml,1.1005291005291007
DITNC1,DEP,24 Hours,Normoxia,20 ug/ml,1.0642479213907785
DITNC1,DEP,24 Hours,Normoxia,20 ug/ml,0.9554043839758127
DITNC1,DEP,24 Hours,Normoxia,20 ug/ml,0.9191232048374907
DITNC1,DEP,24 Hours,Normoxia,20 ug/ml,0.9277615808228055
DITNC1,DEP,24 Hours,Normoxia,20 ug/ml,0.941582982399309
DITNC1,DEP,24 Hours,Normoxia,20 ug/ml,0.9381276320051831
DITNC1,DEP,24 Hours,Normoxia,20 ug/ml,0.9294892560198684
DITNC1,DEP,24 Hours,Normoxia,20 ug/ml,1.0193283662671417
DITNC1,DEP,24 Hours,Normoxia,50 ug/ml,1.053881870208401
DITNC1,DEP,24 Hours,Normoxia,50 ug/ml,1.0003239390994494
DITNC1,DEP,24 Hours,Normoxia,50 ug/ml,0.9674981103552533
DITNC1,DEP,24 Hours,Normoxia,50 ug/ml,0.9882302127200087
DITNC1,DEP,24 Hours,Normoxia,50 ug/ml,0.9968685887053234
DITNC1,DEP,24 Hours,Normoxia,50 ug/ml,0.9968685887053234
DITNC1,DEP,24 Hours,Normoxia,50 ug/ml,1.0003239390994494
DITNC1,DEP,24 Hours,Normoxia,50 ug/ml,1.0763416477702192
DITNC1,DEP,24 Hours,Normoxia,50 ug/ml,1.090163049346723
DITNC1,DEP,24 Hours,Normoxia,50 ug/ml,0.9830471871288198
DITNC1,DEP,24 Hours,Normoxia,50 ug/ml,0.9329446064139943
DITNC1,DEP,24 Hours,Normoxia,50 ug/ml,0.945038332793435
DITNC1,DEP,24 Hours,Normoxia,50 ug/ml,0.9605874095670016
DITNC1,DEP,24 Hours,Normoxia,50 ug/ml,0.9640427599611274
DITNC1,DEP,24 Hours,Normoxia,50 ug/ml,0.9813195119317568
DITNC1,DEP,24 Hours,Normoxia,50 ug/ml,1.0176006910700788
DITNC1,DEP,24 Hours,Normoxia,100 ug/ml,1.0970737501349748
DITNC1,DEP,24 Hours,Normoxia,100 ug/ml,0.9830471871288198
DITNC1,DEP,24 Hours,Normoxia,100 ug/ml,0.945038332793435
DITNC1,DEP,24 Hours,Normoxia,100 ug/ml,0.972681135946442
DITNC1,DEP,24 Hours,Normoxia,100 ug/ml,0.9865025375229457
DITNC1,DEP,24 Hours,Normoxia,100 ug/ml,0.9778641615376309
DITNC1,DEP,24 Hours,Normoxia,100 ug/ml,1.0141453406759529
DITNC1,DEP,24 Hours,Normoxia,100 ug/ml,1.0694309469819674
DITNC1,DEP,24 Hours,Normoxia,100 ug/ml,1.1402656300615486
DITNC1,DEP,24 Hours,Normoxia,100 ug/ml,1.0383327934348343
DITNC1,DEP,24 Hours,Normoxia,100 ug/ml,0.9554043839758127
DITNC1,DEP,24 Hours,Normoxia,100 ug/ml,1.0003239390994494
DITNC1,DEP,24 Hours,Normoxia,100 ug/ml,1.0037792894935753
DITNC1,DEP,24 Hours,Normoxia,100 ug/ml,0.9778641615376309
DITNC1,DEP,24 Hours,Normoxia,100 ug/ml,0.9951409135082605
DITNC1,DEP,24 Hours,Normoxia,100 ug/ml,1.0763416477702192
DITNC1,DEP,24 Hours,Normoxia,Blank,1.0530983778737306
DITNC1,DEP,24 Hours,Normoxia,Blank,1.0194888551756331
DITNC1,DEP,24 Hours,Normoxia,Blank,0.9616057883066869
DITNC1,DEP,24 Hours,Normoxia,Blank,0.9522698097794374
DITNC1,DEP,24 Hours,Normoxia,Blank,0.9970825067102346
DITNC1,DEP,24 Hours,Normoxia,Blank,0.9952153110047847
DITNC1,DEP,24 Hours,Normoxia,Blank,1.0400280079355817
DITNC1,DEP,24 Hours,Normoxia,Blank,1.0773719220445792
DITNC1,DEP,24 Hours,Normoxia,Blank,1.0549655735791805
DITNC1,DEP,24 Hours,Normoxia,Blank,0.957871396895787
DITNC1,DEP,24 Hours,Normoxia,Blank,0.9391994398412883
DITNC1,DEP,24 Hours,Normoxia,Blank,0.9485354183685377
DITNC1,DEP,24 Hours,Normoxia,Blank,0.9802777453611856
DITNC1,DEP,24 Hours,Normoxia,Blank,0.9672073754230365
DITNC1,DEP,24 Hours,Normoxia,Blank,0.9970825067102346
DITNC1,DEP,24 Hours,Normoxia,Blank,1.0586999649900803
DITNC1,DEP,24 Hours,Normoxia,20 ug/ml,1.0811063134554788
DITNC1,DEP,24 Hours,Normoxia,20 ug/ml,1.0008168981211343
DITNC1,DEP,24 Hours,Normoxia,20 ug/ml,0.9653401797175866
DITNC1,DEP,24 Hours,Normoxia,20 ug/ml,0.9616057883066869
DITNC1,DEP,24 Hours,Normoxia,20 ug/ml,0.989613723888435
DITNC1,DEP,24 Hours,Normoxia,20 ug/ml,1.006418485237484
DITNC1,DEP,24 Hours,Normoxia,20 ug/ml,1.0400280079355817
DITNC1,DEP,24 Hours,Normoxia,20 ug/ml,1.0904422919827284
DITNC1,DEP,24 Hours,Normoxia,20 ug/ml,1.079239117750029
DITNC1,DEP,24 Hours,Normoxia,20 ug/ml,1.0008168981211343
DITNC1,DEP,24 Hours,Normoxia,20 ug/ml,0.942933831252188
DITNC1,DEP,24 Hours,Normoxia,20 ug/ml,0.974676158244836
DITNC1,DEP,24 Hours,Normoxia,20 ug/ml,0.9858793324775352
DITNC1,DEP,24 Hours,Normoxia,20 ug/ml,0.9914809195938848
DITNC1,DEP,24 Hours,Normoxia,20 ug/ml,1.0157544637647333
DITNC1,DEP,24 Hours,Normoxia,20 ug/ml,1.0661687478118798
DITNC1,DEP,24 Hours,Normoxia,50 ug/ml,1.0755047263391293
DITNC1,DEP,24 Hours,Normoxia,50 ug/ml,1.0232232465865327
DITNC1,DEP,24 Hours,Normoxia,50 ug/ml,0.9448010269576379
DITNC1,DEP,24 Hours,Normoxia,50 ug/ml,0.9672073754230365
DITNC1,DEP,24 Hours,Normoxia,50 ug/ml,1.004551289532034
DITNC1,DEP,24 Hours,Normoxia,50 ug/ml,1.021356050881083
DITNC1,DEP,24 Hours,Normoxia,50 ug/ml,1.0699031392227796
DITNC1,DEP,24 Hours,Normoxia,50 ug/ml,1.1203174232699262
DITNC1,DEP,24 Hours,Normoxia,50 ug/ml,1.1501925545571243
DITNC1,DEP,24 Hours,Normoxia,50 ug/ml,1.0680359435173297
DITNC1,DEP,24 Hours,Normoxia,50 ug/ml,1.1035126619208775
DITNC1,DEP,24 Hours,Normoxia,50 ug/ml,1.0717703349282295
DITNC1,DEP,24 Hours,Normoxia,50 ug/ml,1.0848407048663786
DITNC1,DEP,24 Hours,Normoxia,50 ug/ml,1.0867079005718285
DITNC1,DEP,24 Hours,Normoxia,50 ug/ml,1.142723771735325
DITNC1,DEP,24 Hours,Normoxia,50 ug/ml,1.174466098727973
DITNC1,DEP,24 Hours,Normoxia,100 ug/ml,1.2062084257206207
DITNC1,DEP,24 Hours,Normoxia,100 ug/ml,1.1483253588516744
DITNC1,DEP,24 Hours,Normoxia,100 ug/ml,1.1128486404481268
DITNC1,DEP,24 Hours,Normoxia,100 ug/ml,1.1296534017971758
DITNC1,DEP,24 Hours,Normoxia,100 ug/ml,1.1371221846189752
DITNC1,DEP,24 Hours,Normoxia,100 ug/ml,1.1315205975026257
DITNC1,DEP,24 Hours,Normoxia,100 ug/ml,1.1782004901388725
DITNC1,DEP,24 Hours,Normoxia,100 ug/ml,1.2155444042478702
DITNC1,DEP,24 Hours,Normoxia,100 ug/ml,1.1651301202007234
DITNC1,DEP,24 Hours,Normoxia,100 ug/ml,1.0848407048663786
DITNC1,DEP,24 Hours,Normoxia,100 ug/ml,1.0549655735791805
DITNC1,DEP,24 Hours,Normoxia,100 ug/ml,1.0717703349282295
DITNC1,DEP,24 Hours,Normoxia,100 ug/ml,1.0699031392227796
DITNC1,DEP,24 Hours,Normoxia,100 ug/ml,1.0960438790990779
DITNC1,DEP,24 Hours,Normoxia,100 ug/ml,1.0736375306336794
DITNC1,DEP,24 Hours,Normoxia,100 ug/ml,1.1819348815497723
DITNC1,DEP,24 Hours,Hypoxia,Blank,1.0482447906889432
DITNC1,DEP,24 Hours,Hypoxia,Blank,0.9806645391402291
DITNC1,DEP,24 Hours,Hypoxia,Blank,0.9746574056692322
DITNC1,DEP,24 Hours,Hypoxia,Blank,0.9926788060822227
DITNC1,DEP,24 Hours,Hypoxia,Blank,0.9806645391402291
DITNC1,DEP,24 Hours,Hypoxia,Blank,1.0212126900694576
DITNC1,DEP,24 Hours,Hypoxia,Blank,1.001689506288718
DITNC1,DEP,24 Hours,Hypoxia,Blank,1.0767786746761778
DITNC1,DEP,24 Hours,Hypoxia,Blank,1.0377323071146987
DITNC1,DEP,24 Hours,Hypoxia,Blank,1.0061948563919656
DITNC1,DEP,24 Hours,Hypoxia,Blank,0.965646705462737
DITNC1,DEP,24 Hours,Hypoxia,Blank,0.950628871785245
DITNC1,DEP,24 Hours,Hypoxia,Blank,0.9746574056692322
DITNC1,DEP,24 Hours,Hypoxia,Blank,0.9641449220949878
DITNC1,DEP,24 Hours,Hypoxia,Blank,0.9821663225079783
DITNC1,DEP,24 Hours,Hypoxia,Blank,1.0422376572179461
DITNC1,DEP,24 Hours,Hypoxia,20 ug/ml,1.0963018584569175
DITNC1,DEP,24 Hours,Hypoxia,20 ug/ml,1.0347287403792003
DITNC1,DEP,24 Hours,Hypoxia,20 ug/ml,1.010700206495213
DITNC1,DEP,24 Hours,Hypoxia,20 ug/ml,1.0167073399662099
DITNC1,DEP,24 Hours,Hypoxia,20 ug/ml,1.0001877229209688
DITNC1,DEP,24 Hours,Hypoxia,20 ug/ml,1.0167073399662099
DITNC1,DEP,24 Hours,Hypoxia,20 ug/ml,1.025718040172705
DITNC1,DEP,24 Hours,Hypoxia,20 ug/ml,1.0978036418246668
DITNC1,DEP,24 Hours,Hypoxia,20 ug/ml,1.135348226018397
DITNC1,DEP,24 Hours,Hypoxia,20 ug/ml,1.0287216069082037
DITNC1,DEP,24 Hours,Hypoxia,20 ug/ml,1.0452412239534445
DITNC1,DEP,24 Hours,Hypoxia,20 ug/ml,1.025718040172705
DITNC1,DEP,24 Hours,Hypoxia,20 ug/ml,1.0212126900694576
DITNC1,DEP,24 Hours,Hypoxia,20 ug/ml,1.0182091233339592
DITNC1,DEP,24 Hours,Hypoxia,20 ug/ml,1.0437394405856955
DITNC1,DEP,24 Hours,Hypoxia,20 ug/ml,1.121832175708654
DITNC1,DEP,24 Hours,Hypoxia,50 ug/ml,1.1053125586634127
DITNC1,DEP,24 Hours,Hypoxia,50 ug/ml,1.0362305237469494
DITNC1,DEP,24 Hours,Hypoxia,50 ug/ml,1.0182091233339592
DITNC1,DEP,24 Hours,Hypoxia,50 ug/ml,1.0272198235404544
DITNC1,DEP,24 Hours,Hypoxia,50 ug/ml,0.9941805894499719
DITNC1,DEP,24 Hours,Hypoxia,50 ug/ml,1.0272198235404544
DITNC1,DEP,24 Hours,Hypoxia,50 ug/ml,1.040735873850197
DITNC1,DEP,24 Hours,Hypoxia,50 ug/ml,1.106814342031162
DITNC1,DEP,24 Hours,Hypoxia,50 ug/ml,1.1188286089731556
DITNC1,DEP,24 Hours,Hypoxia,50 ug/ml,1.0452412239534445
DITNC1,DEP,24 Hours,Hypoxia,50 ug/ml,1.0602590576309368
DITNC1,DEP,24 Hours,Hypoxia,50 ug/ml,1.0347287403792003
DITNC1,DEP,24 Hours,Hypoxia,50 ug/ml,1.0347287403792003
DITNC1,DEP,24 Hours,Hypoxia,50 ug/ml,1.0422376572179461
DITNC1,DEP,24 Hours,Hypoxia,50 ug/ml,1.0527501407921906
DITNC1,DEP,24 Hours,Hypoxia,50 ug/ml,1.120330392340905
DITNC1,DEP,24 Hours,Hypoxia,100 ug/ml,1.1293410925474001
DITNC1,DEP,24 Hours,Hypoxia,100 ug/ml,1.0617608409986858
DITNC1,DEP,24 Hours,Hypoxia,100 ug/ml,1.0632626243664351
DITNC1,DEP,24 Hours,Hypoxia,100 ug/ml,1.0482447906889432
DITNC1,DEP,24 Hours,Hypoxia,100 ug/ml,1.0227144734372067
DITNC1,DEP,24 Hours,Hypoxia,100 ug/ml,1.0452412239534445
DITNC1,DEP,24 Hours,Hypoxia,100 ug/ml,1.0782804580439271
DITNC1,DEP,24 Hours,Hypoxia,100 ug/ml,1.1338464426506476
DITNC1,DEP,24 Hours,Hypoxia,100 ug/ml,1.135348226018397
DITNC1,DEP,24 Hours,Hypoxia,100 ug/ml,1.0677679744696826
DITNC1,DEP,24 Hours,Hypoxia,100 ug/ml,1.0437394405856955
DITNC1,DEP,24 Hours,Hypoxia,100 ug/ml,1.0422376572179461
DITNC1,DEP,24 Hours,Hypoxia,100 ug/ml,1.0512483574244416
DITNC1,DEP,24 Hours,Hypoxia,100 ug/ml,1.0377323071146987
DITNC1,DEP,24 Hours,Hypoxia,100 ug/ml,1.0662661911019335
DITNC1,DEP,24 Hours,Hypoxia,100 ug/ml,1.1323446592828985
DITNC1,DEP,24 Hours,Hypoxia,Blank,0.9941419379621627
DITNC1,DEP,24 Hours,Hypoxia,Blank,0.9618745798521079
DITNC1,DEP,24 Hours,Hypoxia,Blank,0.9449726303658887
DITNC1,DEP,24 Hours,Hypoxia,Blank,0.9418995486411217
DITNC1,DEP,24 Hours,Hypoxia,Blank,0.9480457120906559
DITNC1,DEP,24 Hours,Hypoxia,Blank,0.9818496110630942
DITNC1,DEP,24 Hours,Hypoxia,Blank,1.0248727552098338
DITNC1,DEP,24 Hours,Hypoxia,Blank,1.083261307980409
DITNC1,DEP,24 Hours,Hypoxia,Blank,1.0156535100355326
DITNC1,DEP,24 Hours,Hypoxia,Blank,1.0002881014116969
DITNC1,DEP,24 Hours,Hypoxia,Blank,1.0018246422740804
DITNC1,DEP,24 Hours,Hypoxia,Blank,0.97570344761356
DITNC1,DEP,24 Hours,Hypoxia,Blank,0.9956784788245463
DITNC1,DEP,24 Hours,Hypoxia,Blank,1.0018246422740804
DITNC1,DEP,24 Hours,Hypoxia,Blank,1.0187265917602997
DITNC1,DEP,24 Hours,Hypoxia,Blank,1.1093825026409296
DITNC1,DEP,24 Hours,Hypoxia,20 ug/ml,1.0540670315951215
DITNC1,DEP,24 Hours,Hypoxia,20 ug/ml,0.9987515605493134
DITNC1,DEP,24 Hours,Hypoxia,20 ug/ml,1.0187265917602997
DITNC1,DEP,24 Hours,Hypoxia,20 ug/ml,1.0002881014116969
DITNC1,DEP,24 Hours,Hypoxia,20 ug/ml,1.0233362143474503
DITNC1,DEP,24 Hours,Hypoxia,20 ug/ml,1.0402381638336695
DITNC1,DEP,24 Hours,Hypoxia,20 ug/ml,1.04484778642082
DITNC1,DEP,24 Hours,Hypoxia,20 ug/ml,1.1524056467876693
DITNC1,DEP,24 Hours,Hypoxia,20 ug/ml,1.0509939498703544
DITNC1,DEP,24 Hours,Hypoxia,20 ug/ml,1.0002881014116969
DITNC1,DEP,24 Hours,Hypoxia,20 ug/ml,0.9972150196869298
DITNC1,DEP,24 Hours,Hypoxia,20 ug/ml,1.0110438874483818
DITNC1,DEP,24 Hours,Hypoxia,20 ug/ml,0.9987515605493134
DITNC1,DEP,24 Hours,Hypoxia,20 ug/ml,1.0048977239988477
DITNC1,DEP,24 Hours,Hypoxia,20 ug/ml,1.0740420628061076
DITNC1,DEP,24 Hours,Hypoxia,20 ug/ml,1.195428790934409
DITNC1,DEP,24 Hours,Hypoxia,50 ug/ml,1.083261307980409
DITNC1,DEP,24 Hours,Hypoxia,50 ug/ml,1.0310189186593681
DITNC1,DEP,24 Hours,Hypoxia,50 ug/ml,1.0156535100355326
DITNC1,DEP,24 Hours,Hypoxia,50 ug/ml,1.0217996734850667
DITNC1,DEP,24 Hours,Hypoxia,50 ug/ml,1.0402381638336695
DITNC1,DEP,24 Hours,Hypoxia,50 ug/ml,1.04484778642082
DITNC1,DEP,24 Hours,Hypoxia,50 ug/ml,1.072505521943724
DITNC1,DEP,24 Hours,Hypoxia,50 ug/ml,1.198501872659176
DITNC1,DEP,24 Hours,Hypoxia,50 ug/ml,1.0479208681455874
DITNC1,DEP,24 Hours,Hypoxia,50 ug/ml,1.0141169691731489
DITNC1,DEP,24 Hours,Hypoxia,50 ug/ml,1.0018246422740804
DITNC1,DEP,24 Hours,Hypoxia,50 ug/ml,0.9879957745126284
DITNC1,DEP,24 Hours,Hypoxia,50 ug/ml,1.0095073465859983
DITNC1,DEP,24 Hours,Hypoxia,50 ug/ml,1.04484778642082
DITNC1,DEP,24 Hours,Hypoxia,50 ug/ml,1.038701622971286
DITNC1,DEP,24 Hours,Hypoxia,50 ug/ml,1.220013444732546
DITNC1,DEP,24 Hours,Hypoxia,100 ug/ml,1.0709689810813405
DITNC1,DEP,24 Hours,Hypoxia,100 ug/ml,1.0463843272832036
DITNC1,DEP,24 Hours,Hypoxia,100 ug/ml,1.0325554595217517
DITNC1,DEP,24 Hours,Hypoxia,100 ug/ml,1.0187265917602997
DITNC1,DEP,24 Hours,Hypoxia,100 ug/ml,1.0187265917602997
DITNC1,DEP,24 Hours,Hypoxia,100 ug/ml,1.0617497359070391
DITNC1,DEP,24 Hours,Hypoxia,100 ug/ml,1.086334389705176
DITNC1,DEP,24 Hours,Hypoxia,100 ug/ml,1.2015749543839431
DITNC1,DEP,24 Hours,Hypoxia,100 ug/ml,1.094017094017094
DITNC1,DEP,24 Hours,Hypoxia,100 ug/ml,1.0356285412465187
DITNC1,DEP,24 Hours,Hypoxia,100 ug/ml,1.0479208681455874
DITNC1,DEP,24 Hours,Hypoxia,100 ug/ml,1.0325554595217517
DITNC1,DEP,24 Hours,Hypoxia,100 ug/ml,1.049457409007971
DITNC1,DEP,24 Hours,Hypoxia,100 ug/ml,1.0571401133198886
DITNC1,DEP,24 Hours,Hypoxia,100 ug/ml,1.0878709305675598
DITNC1,DEP,24 Hours,Hypoxia,100 ug/ml,1.1477960242005185
DITNC1,DEP,24 Hours,Hypoxia,Blank,1.020773705105715
DITNC1,DEP,24 Hours,Hypoxia,Blank,0.9853199150586281
DITNC1,DEP,24 Hours,Hypoxia,Blank,0.9705475025390085
DITNC1,DEP,24 Hours,Hypoxia,Blank,0.9690702612870465
DITNC1,DEP,24 Hours,Hypoxia,Blank,0.9602068137752747
DITNC1,DEP,24 Hours,Hypoxia,Blank,0.9794109500507803
DITNC1,DEP,24 Hours,Hypoxia,Blank,1.022250946357677
DITNC1,DEP,24 Hours,Hypoxia,Blank,1.0842950789400794
DITNC1,DEP,24 Hours,Hypoxia,Blank,1.0591819776567262
DITNC1,DEP,24 Hours,Hypoxia,Blank,0.9838426738066661
DITNC1,DEP,24 Hours,Hypoxia,Blank,0.9720247437909705
DITNC1,DEP,24 Hours,Hypoxia,Blank,0.9557750900193889
DITNC1,DEP,24 Hours,Hypoxia,Blank,0.9808881913027422
DITNC1,DEP,24 Hours,Hypoxia,Blank,0.9705475025390085
DITNC1,DEP,24 Hours,Hypoxia,Blank,1.0089557750900195
DITNC1,DEP,24 Hours,Hypoxia,Blank,1.0769088726802696
DITNC1,DEP,24 Hours,Hypoxia,20 ug/ml,1.0857723201920413
DITNC1,DEP,24 Hours,Hypoxia,20 ug/ml,1.0458868063890685
DITNC1,DEP,24 Hours,Hypoxia,20 ug/ml,1.0045240513341336
DITNC1,DEP,24 Hours,Hypoxia,20 ug/ml,1.0311143938694487
DITNC1,DEP,24 Hours,Hypoxia,20 ug/ml,0.9912288800664759
DITNC1,DEP,24 Hours,Hypoxia,20 ug/ml,1.0414550826331825
DITNC1,DEP,24 Hours,Hypoxia,20 ug/ml,1.0163419813498291
DITNC1,DEP,24 Hours,Hypoxia,20 ug/ml,1.0724771489243838
DITNC1,DEP,24 Hours,Hypoxia,20 ug/ml,1.0872495614440034
DITNC1,DEP,24 Hours,Hypoxia,20 ug/ml,1.026682670113563
DITNC1,DEP,24 Hours,Hypoxia,20 ug/ml,1.022250946357677
DITNC1,DEP,24 Hours,Hypoxia,20 ug/ml,1.017819222601791
DITNC1,DEP,24 Hours,Hypoxia,20 ug/ml,1.0355461176253347
DITNC1,DEP,24 Hours,Hypoxia,20 ug/ml,1.060659218908688
DITNC1,DEP,24 Hours,Hypoxia,20 ug/ml,1.0769088726802696
DITNC1,DEP,24 Hours,Hypoxia,20 ug/ml,1.099067491459699
DITNC1,DEP,24 Hours,Hypoxia,50 ug/ml,1.0828178376881175
DITNC1,DEP,24 Hours,Hypoxia,50 ug/ml,1.017819222601791
DITNC1,DEP,24 Hours,Hypoxia,50 ug/ml,1.022250946357677
DITNC1,DEP,24 Hours,Hypoxia,50 ug/ml,1.0163419813498291
DITNC1,DEP,24 Hours,Hypoxia,50 ug/ml,1.025205428861601
DITNC1,DEP,24 Hours,Hypoxia,50 ug/ml,1.0414550826331825
DITNC1,DEP,24 Hours,Hypoxia,50 ug/ml,1.0783861139322315
DITNC1,DEP,24 Hours,Hypoxia,50 ug/ml,1.1167943864832426
DITNC1,DEP,24 Hours,Hypoxia,50 ug/ml,1.1286123164989383
DITNC1,DEP,24 Hours,Hypoxia,50 ug/ml,1.066568183916536
DITNC1,DEP,24 Hours,Hypoxia,50 ug/ml,1.0429323238851445
DITNC1,DEP,24 Hours,Hypoxia,50 ug/ml,1.060659218908688
DITNC1,DEP,24 Hours,Hypoxia,50 ug/ml,1.0769088726802696
DITNC1,DEP,24 Hours,Hypoxia,50 ug/ml,1.0650909426645738
DITNC1,DEP,24 Hours,Hypoxia,50 ug/ml,1.06213646016065
DITNC1,DEP,24 Hours,Hypoxia,50 ug/ml,1.0798633551841936
DITNC1,DEP,24 Hours,Hypoxia,100 ug/ml,1.1463392115224817
DITNC1,DEP,24 Hours,Hypoxia,100 ug/ml,1.0842950789400794
DITNC1,DEP,24 Hours,Hypoxia,100 ug/ml,1.0842950789400794
DITNC1,DEP,24 Hours,Hypoxia,100 ug/ml,1.0842950789400794
DITNC1,DEP,24 Hours,Hypoxia,100 ug/ml,1.0842950789400794
DITNC1,DEP,24 Hours,Hypoxia,100 ug/ml,1.0887268026959653
DITNC1,DEP,24 Hours,Hypoxia,100 ug/ml,1.099067491459699
DITNC1,DEP,24 Hours,Hypoxia,100 ug/ml,1.1492936940264058
DITNC1,DEP,24 Hours,Hypoxia,100 ug/ml,1.0946357677038132
DITNC1,DEP,24 Hours,Hypoxia,100 ug/ml,1.0828178376881175
DITNC1,DEP,24 Hours,Hypoxia,100 ug/ml,1.0429323238851445
DITNC1,DEP,24 Hours,Hypoxia,100 ug/ml,1.017819222601791
DITNC1,DEP,24 Hours,Hypoxia,100 ug/ml,1.0724771489243838
DITNC1,DEP,24 Hours,Hypoxia,100 ug/ml,1.0503185301449542
DITNC1,DEP,24 Hours,Hypoxia,100 ug/ml,1.0754316314283077
DITNC1,DEP,24 Hours,Hypoxia,100 ug/ml,1.102021973963623
DITNC1,Ox66,24 Hours,Hypoxia,Blank,1.1023744647722848
DITNC1,Ox66,24 Hours,Hypoxia,Blank,0.973141300116777
DITNC1,Ox66,24 Hours,Hypoxia,Blank,0.9357726741922927
DITNC1,Ox66,24 Hours,Hypoxia,Blank,0.9061891786687427
DITNC1,Ox66,24 Hours,Hypoxia,Blank,0.9435578045932269
DITNC1,Ox66,24 Hours,Hypoxia,Blank,0.9404437524328533
DITNC1,Ox66,24 Hours,Hypoxia,Blank,0.9996107434799534
DITNC1,Ox66,24 Hours,Hypoxia,Blank,1.1444141689373297
DITNC1,Ox66,24 Hours,Hypoxia,Blank,1.1054885169326585
DITNC1,Ox66,24 Hours,Hypoxia,Blank,0.973141300116777
DITNC1,Ox66,24 Hours,Hypoxia,Blank,0.9202024133904243
DITNC1,Ox66,24 Hours,Hypoxia,Blank,0.9357726741922927
DITNC1,Ox66,24 Hours,Hypoxia,Blank,0.9451148306734137
DITNC1,Ox66,24 Hours,Hypoxia,Blank,0.952899961074348
DITNC1,Ox66,24 Hours,Hypoxia,Blank,1.0291942390035034
DITNC1,Ox66,24 Hours,Hypoxia,Blank,1.1926819774231219
DITNC1,Ox66,24 Hours,Hypoxia,50 ppm,1.1646555079797587
DITNC1,Ox66,24 Hours,Hypoxia,50 ppm,1.0400934215648112
DITNC1,Ox66,24 Hours,Hypoxia,50 ppm,0.9980537173997664
DITNC1,Ox66,24 Hours,Hypoxia,50 ppm,0.9715842740365901
DITNC1,Ox66,24 Hours,Hypoxia,50 ppm,1.0042818217205138
DITNC1,Ox66,24 Hours,Hypoxia,50 ppm,0.9949396652393928
DITNC1,Ox66,24 Hours,Hypoxia,50 ppm,1.0821331257298559
DITNC1,Ox66,24 Hours,Hypoxia,50 ppm,1.2549630206305957
DITNC1,Ox66,24 Hours,Hypoxia,50 ppm,1.1833398209420007
DITNC1,Ox66,24 Hours,Hypoxia,50 ppm,1.0650058388478008
DITNC1,Ox66,24 Hours,Hypoxia,50 ppm,1.0494355780459323
DITNC1,Ox66,24 Hours,Hypoxia,50 ppm,1.0027247956403271
DITNC1,Ox66,24 Hours,Hypoxia,50 ppm,1.0276372129233164
DITNC1,Ox66,24 Hours,Hypoxia,50 ppm,1.013623978201635
DITNC1,Ox66,24 Hours,Hypoxia,50 ppm,1.063448812767614
DITNC1,Ox66,24 Hours,Hypoxia,50 ppm,1.2456208641494746
DITNC1,Ox66,24 Hours,Hypoxia,100 ppm,1.1599844297391981
DITNC1,Ox66,24 Hours,Hypoxia,100 ppm,0.9420007785130401
DITNC1,Ox66,24 Hours,Hypoxia,100 ppm,0.8952899961074348
DITNC1,Ox66,24 Hours,Hypoxia,100 ppm,0.9233164655507979
DITNC1,Ox66,24 Hours,Hypoxia,100 ppm,0.9108602569093032
DITNC1,Ox66,24 Hours,Hypoxia,100 ppm,0.9560140132347217
DITNC1,Ox66,24 Hours,Hypoxia,100 ppm,0.9155313351498637
DITNC1,Ox66,24 Hours,Hypoxia,100 ppm,1.091475282210977
DITNC1,Ox66,24 Hours,Hypoxia,100 ppm,1.1288439081354613
DITNC1,Ox66,24 Hours,Hypoxia,100 ppm,0.9918256130790191
DITNC1,Ox66,24 Hours,Hypoxia,100 ppm,0.9778123783573375
DITNC1,Ox66,24 Hours,Hypoxia,100 ppm,0.9653561697158427
DITNC1,Ox66,24 Hours,Hypoxia,100 ppm,0.993382639159206
DITNC1,Ox66,24 Hours,Hypoxia,100 ppm,0.9435578045932269
DITNC1,Ox66,24 Hours,Hypoxia,100 ppm,0.9887115609186454
DITNC1,Ox66,24 Hours,Hypoxia,100 ppm,1.0852471778902295
DITNC1,Ox66,24 Hours,Hypoxia,200 ppm,1.1039314908524718
DITNC1,Ox66,24 Hours,Hypoxia,200 ppm,1.012066952121448
DITNC1,Ox66,24 Hours,Hypoxia,200 ppm,0.9622421175554691
DITNC1,Ox66,24 Hours,Hypoxia,200 ppm,0.9637991436356559
DITNC1,Ox66,24 Hours,Hypoxia,200 ppm,0.9855975087582717
DITNC1,Ox66,24 Hours,Hypoxia,200 ppm,1.0058388478007008
DITNC1,Ox66,24 Hours,Hypoxia,200 ppm,0.9887115609186454
DITNC1,Ox66,24 Hours,Hypoxia,200 ppm,1.240949785908914
DITNC1,Ox66,24 Hours,Hypoxia,200 ppm,1.1444141689373297
DITNC1,Ox66,24 Hours,Hypoxia,200 ppm,0.9918256130790191
DITNC1,Ox66,24 Hours,Hypoxia,200 ppm,1.0105099260412613
DITNC1,Ox66,24 Hours,Hypoxia,200 ppm,0.9980537173997664
DITNC1,Ox66,24 Hours,Hypoxia,200 ppm,1.0369793694044376
DITNC1,Ox66,24 Hours,Hypoxia,200 ppm,1.0369793694044376
DITNC1,Ox66,24 Hours,Hypoxia,200 ppm,1.1054885169326585
DITNC1,Ox66,24 Hours,Hypoxia,200 ppm,1.2347216815881668
DITNC1,Ox66,24 Hours,Hypoxia,Blank,1.058096415327565
DITNC1,Ox66,24 Hours,Hypoxia,Blank,0.9085290482076638
DITNC1,Ox66,24 Hours,Hypoxia,Blank,0.8850432632880099
DITNC1,Ox66,24 Hours,Hypoxia,Blank,0.8949320148331273
DITNC1,Ox66,24 Hours,Hypoxia,Blank,0.9431396786155749
DITNC1,Ox66,24 Hours,Hypoxia,Blank,0.9456118665018542
DITNC1,Ox66,24 Hours,Hypoxia,Blank,1.0000000000000002
DITNC1,Ox66,24 Hours,Hypoxia,Blank,1.234857849196539
DITNC1,Ox66,24 Hours,Hypoxia,Blank,0.9987639060568605
DITNC1,Ox66,24 Hours,Hypoxia,Blank,0.9604449938195304
DITNC1,Ox66,24 Hours,Hypoxia,Blank,0.9171817058096416
DITNC1,Ox66,24 Hours,Hypoxia,Blank,0.9369592088998765
DITNC1,Ox66,24 Hours,Hypoxia,Blank,0.9530284301606923
DITNC1,Ox66,24 Hours,Hypoxia,Blank,0.9530284301606923
DITNC1,Ox66,24 Hours,Hypoxia,Blank,1.0716934487021015
DITNC1,Ox66,24 Hours,Hypoxia,Blank,1.338689740420272
DITNC1,Ox66,24 Hours,Hypoxia,50 ppm,1.0358467243510507
DITNC1,Ox66,24 Hours,Hypoxia,50 ppm,0.9567367119901113
DITNC1,Ox66,24 Hours,Hypoxia,50 ppm,0.9468479604449939
DITNC1,Ox66,24 Hours,Hypoxia,50 ppm,0.9344870210135972
DITNC1,Ox66,24 Hours,Hypoxia,50 ppm,0.9715698393077875
DITNC1,Ox66,24 Hours,Hypoxia,50 ppm,0.9517923362175527
DITNC1,Ox66,24 Hours,Hypoxia,50 ppm,1.0469715698393078
DITNC1,Ox66,24 Hours,Hypoxia,50 ppm,1.3362175525339925
DITNC1,Ox66,24 Hours,Hypoxia,50 ppm,1.158220024721879
DITNC1,Ox66,24 Hours,Hypoxia,50 ppm,0.988875154511743
DITNC1,Ox66,24 Hours,Hypoxia,50 ppm,0.919653893695921
DITNC1,Ox66,24 Hours,Hypoxia,50 ppm,0.9406674907292955
DITNC1,Ox66,24 Hours,Hypoxia,50 ppm,0.9678615574783684
DITNC1,Ox66,24 Hours,Hypoxia,50 ppm,1.0037082818294192
DITNC1,Ox66,24 Hours,Hypoxia,50 ppm,1.061804697156984
DITNC1,Ox66,24 Hours,Hypoxia,50 ppm,1.3263288009888752
DITNC1,Ox66,24 Hours,Hypoxia,100 ppm,1.100123609394314
DITNC1,Ox66,24 Hours,Hypoxia,100 ppm,0.9789864029666255
DITNC1,Ox66,24 Hours,Hypoxia,100 ppm,0.9134734239802226
DITNC1,Ox66,24 Hours,Hypoxia,100 ppm,0.8776266996291718
DITNC1,Ox66,24 Hours,Hypoxia,100 ppm,0.8454882571075403
DITNC1,Ox66,24 Hours,Hypoxia,100 ppm,0.9048207663782448
DITNC1,Ox66,24 Hours,Hypoxia,100 ppm,0.8788627935723116
DITNC1,Ox66,24 Hours,Hypoxia,100 ppm,1.3658838071693449
DITNC1,Ox66,24 Hours,Hypoxia,100 ppm,1.1063040791100125
DITNC1,Ox66,24 Hours,Hypoxia,100 ppm,1.0321384425216318
DITNC1,Ox66,24 Hours,Hypoxia,100 ppm,0.9592088998763907
DITNC1,Ox66,24 Hours,Hypoxia,100 ppm,0.9517923362175527
DITNC1,Ox66,24 Hours,Hypoxia,100 ppm,0.9802224969097653
DITNC1,Ox66,24 Hours,Hypoxia,100 ppm,0.9839307787391843
DITNC1,Ox66,24 Hours,Hypoxia,100 ppm,1.0815822002472189
DITNC1,Ox66,24 Hours,Hypoxia,100 ppm,1.3510506798516688
DITNC1,Ox66,24 Hours,Hypoxia,200 ppm,0.9975278121137208
DITNC1,Ox66,24 Hours,Hypoxia,200 ppm,0.7676143386897405
DITNC1,Ox66,24 Hours,Hypoxia,200 ppm,0.7725587144622992
DITNC1,Ox66,24 Hours,Hypoxia,200 ppm,0.7614338689740421
DITNC1,Ox66,24 Hours,Hypoxia,200 ppm,0.7737948084054389
DITNC1,Ox66,24 Hours,Hypoxia,200 ppm,0.8071693448702102
DITNC1,Ox66,24 Hours,Hypoxia,200 ppm,0.8430160692212609
DITNC1,Ox66,24 Hours,Hypoxia,200 ppm,0.9295426452410384
DITNC1,Ox66,24 Hours,Hypoxia,200 ppm,1.1100123609394315
DITNC1,Ox66,24 Hours,Hypoxia,200 ppm,0.9962917181705812
DITNC1,Ox66,24 Hours,Hypoxia,200 ppm,0.9456118665018542
DITNC1,Ox66,24 Hours,Hypoxia,200 ppm,0.9579728059332511
DITNC1,Ox66,24 Hours,Hypoxia,200 ppm,0.9666254635352288
DITNC1,Ox66,24 Hours,Hypoxia,200 ppm,1.0259579728059334
DITNC1,Ox66,24 Hours,Hypoxia,200 ppm,1.0630407911001236
DITNC1,Ox66,24 Hours,Hypoxia,200 ppm,1.3028430160692215
DITNC1,Ox66,24 Hours,Hypoxia,Blank,1.173552244133131
DITNC1,Ox66,24 Hours,Hypoxia,Blank,1.0107968234139375
DITNC1,Ox66,24 Hours,Hypoxia,Blank,0.9779602034442759
DITNC1,Ox66,24 Hours,Hypoxia,Blank,0.9379851878290354
DITNC1,Ox66,24 Hours,Hypoxia,Blank,0.9879539573480859
DITNC1,Ox66,24 Hours,Hypoxia,Blank,0.9693941286695815
DITNC1,Ox66,24 Hours,Hypoxia,Blank,1.0322120103506736
DITNC1,Ox66,24 Hours,Hypoxia,Blank,1.3263139109485143
DITNC1,Ox66,24 Hours,Hypoxia,Blank,1.1835459980369412
DITNC1,Ox66,24 Hours,Hypoxia,Blank,1.0150798608012848
DITNC1,Ox66,24 Hours,Hypoxia,Blank,0.8908717765682163
DITNC1,Ox66,24 Hours,Hypoxia,Blank,0.8666012313732487
DITNC1,Ox66,24 Hours,Hypoxia,Blank,0.8694565896314802
DITNC1,Ox66,24 Hours,Hypoxia,Blank,0.8808780226644061
DITNC1,Ox66,24 Hours,Hypoxia,Blank,0.9179976800214151
DITNC1,Ox66,24 Hours,Hypoxia,Blank,0.9594003747657713
DITNC1,Ox66,24 Hours,Hypoxia,50 ppm,1.2806281788168108
DITNC1,Ox66,24 Hours,Hypoxia,50 ppm,1.1449986615508165
DITNC1,Ox66,24 Hours,Hypoxia,50 ppm,1.0807531007406086
DITNC1,Ox66,24 Hours,Hypoxia,50 ppm,1.0664763094494512
DITNC1,Ox66,24 Hours,Hypoxia,50 ppm,1.0821807798697243
DITNC1,Ox66,24 Hours,Hypoxia,50 ppm,1.0607655929329882
DITNC1,Ox66,24 Hours,Hypoxia,50 ppm,1.1721245650040153
DITNC1,Ox66,24 Hours,Hypoxia,50 ppm,1.401980904791648
DITNC1,Ox66,24 Hours,Hypoxia,50 ppm,1.226376371910413
DITNC1,Ox66,24 Hours,Hypoxia,50 ppm,1.1121620415811546
DITNC1,Ox66,24 Hours,Hypoxia,50 ppm,1.045061122512715
DITNC1,Ox66,24 Hours,Hypoxia,50 ppm,1.0479164807709467
DITNC1,Ox66,24 Hours,Hypoxia,50 ppm,1.0536271972874096
DITNC1,Ox66,24 Hours,Hypoxia,50 ppm,1.0893191755153029
DITNC1,Ox66,24 Hours,Hypoxia,50 ppm,1.21067190149014
DITNC1,Ox66,24 Hours,Hypoxia,50 ppm,1.5590256089943786
DITNC1,Ox66,24 Hours,Hypoxia,100 ppm,1.2977603283661996
DITNC1,Ox66,24 Hours,Hypoxia,100 ppm,1.1135897207102703
DITNC1,Ox66,24 Hours,Hypoxia,100 ppm,1.1121620415811546
DITNC1,Ox66,24 Hours,Hypoxia,100 ppm,1.1178727580976175
DITNC1,Ox66,24 Hours,Hypoxia,100 ppm,1.1193004372267332
DITNC1,Ox66,24 Hours,Hypoxia,100 ppm,1.1321495493887748
DITNC1,Ox66,24 Hours,Hypoxia,100 ppm,1.2135272597483715
DITNC1,Ox66,24 Hours,Hypoxia,100 ppm,1.529044347282948
DITNC1,Ox66,24 Hours,Hypoxia,100 ppm,1.2021058267154456
DITNC1,Ox66,24 Hours,Hypoxia,100 ppm,0.9151423217631837
DITNC1,Ox66,24 Hours,Hypoxia,100 ppm,0.9708218077986972
DITNC1,Ox66,24 Hours,Hypoxia,100 ppm,0.8608905148567858
DITNC1,Ox66,24 Hours,Hypoxia,100 ppm,0.8394753279200499
DITNC1,Ox66,24 Hours,Hypoxia,100 ppm,0.9337021504416883
DITNC1,Ox66,24 Hours,Hypoxia,100 ppm,0.9850985990898544
DITNC1,Ox66,24 Hours,Hypoxia,100 ppm,1.0236459355759793
DITNC1,Ox66,24 Hours,Hypoxia,200 ppm,1.4904970107968234
DITNC1,Ox66,24 Hours,Hypoxia,200 ppm,1.232087088426876
DITNC1,Ox66,24 Hours,Hypoxia,200 ppm,1.20067814758633
DITNC1,Ox66,24 Hours,Hypoxia,200 ppm,1.22066565539395
DITNC1,Ox66,24 Hours,Hypoxia,200 ppm,1.2520745962344961
DITNC1,Ox66,24 Hours,Hypoxia,200 ppm,1.226376371910413
DITNC1,Ox66,24 Hours,Hypoxia,200 ppm,1.3405907022396715
DITNC1,Ox66,24 Hours,Hypoxia,200 ppm,1.6232711698045863
DITNC1,Ox66,24 Hours,Hypoxia,200 ppm,1.2720621040421165
DITNC1,Ox66,24 Hours,Hypoxia,200 ppm,1.1278665120014277
DITNC1,Ox66,24 Hours,Hypoxia,200 ppm,1.0664763094494512
DITNC1,Ox66,24 Hours,Hypoxia,200 ppm,1.130721870259659
DITNC1,Ox66,24 Hours,Hypoxia,200 ppm,1.1378602659052377
DITNC1,Ox66,24 Hours,Hypoxia,200 ppm,1.1492816989381636
DITNC1,Ox66,24 Hours,Hypoxia,200 ppm,1.264923708396538
DITNC1,Ox66,24 Hours,Hypoxia,200 ppm,1.4605157490853928
DITNC1,DEP,48 Hours,Hypoxia,Blank,1.1947352417358064
DITNC1,DEP,48 Hours,Hypoxia,Blank,0.9521741019069545
DITNC1,DEP,48 Hours,Hypoxia,Blank,0.8361061639372747
DITNC1,DEP,48 Hours,Hypoxia,Blank,0.8625168324573216
DITNC1,DEP,48 Hours,Hypoxia,Blank,0.838886234307806
DITNC1,DEP,48 Hours,Hypoxia,Blank,0.9222883454237435
DITNC1,DEP,48 Hours,Hypoxia,Blank,1.018200773207072
DITNC1,DEP,48 Hours,Hypoxia,Blank,1.50193301767951
DITNC1,DEP,48 Hours,Hypoxia,Blank,1.1565092741410017
DITNC1,DEP,48 Hours,Hypoxia,Blank,0.8590417444941575
DITNC1,DEP,48 Hours,Hypoxia,Blank,0.7909300204161417
DITNC1,DEP,48 Hours,Hypoxia,Blank,0.8180357065288215
DITNC1,DEP,48 Hours,Hypoxia,Blank,0.8437513574562355
DITNC1,DEP,48 Hours,Hypoxia,Blank,0.8819773250510402
DITNC1,DEP,48 Hours,Hypoxia,Blank,1.0098605620954781
DITNC1,DEP,48 Hours,Hypoxia,Blank,1.513053299161635
DITNC1,DEP,48 Hours,Hypoxia,20 ug/ml,0.9966552278354545
DITNC1,DEP,48 Hours,Hypoxia,20 ug/ml,0.9097780287563528
DITNC1,DEP,48 Hours,Hypoxia,20 ug/ml,0.8583467269015247
DITNC1,DEP,48 Hours,Hypoxia,20 ug/ml,0.8507015333825637
DITNC1,DEP,48 Hours,Hypoxia,20 ug/ml,0.8666869380131185
DITNC1,DEP,48 Hours,Hypoxia,20 ug/ml,0.9153381694974153
DITNC1,DEP,48 Hours,Hypoxia,20 ug/ml,1.0314061074670953
DITNC1,DEP,48 Hours,Hypoxia,20 ug/ml,1.5658746362017288
DITNC1,DEP,48 Hours,Hypoxia,20 ug/ml,1.4803874723078927
DITNC1,DEP,48 Hours,Hypoxia,20 ug/ml,1.1120281482125016
DITNC1,DEP,48 Hours,Hypoxia,20 ug/ml,1.024455931540767
DITNC1,DEP,48 Hours,Hypoxia,20 ug/ml,0.9966552278354545
DITNC1,DEP,48 Hours,Hypoxia,20 ug/ml,1.0466964945050172
DITNC1,DEP,48 Hours,Hypoxia,20 ug/ml,1.0599018287650406
DITNC1,DEP,48 Hours,Hypoxia,20 ug/ml,1.2454715259980018
DITNC1,DEP,48 Hours,Hypoxia,20 ug/ml,1.7340688936188697
DITNC1,DEP,48 Hours,Hypoxia,50 ug/ml,1.1870900482168454
DITNC1,DEP,48 Hours,Hypoxia,50 ug/ml,0.9445289083879935
DITNC1,DEP,48 Hours,Hypoxia,50 ug/ml,0.8472264454193997
DITNC1,DEP,48 Hours,Hypoxia,50 ug/ml,0.8451413926415012
DITNC1,DEP,48 Hours,Hypoxia,50 ug/ml,0.8694670083836497
DITNC1,DEP,48 Hours,Hypoxia,50 ug/ml,0.9181182398679466
DITNC1,DEP,48 Hours,Hypoxia,50 ug/ml,1.036271230615525
DITNC1,DEP,48 Hours,Hypoxia,50 ug/ml,1.561009513053299
DITNC1,DEP,48 Hours,Hypoxia,50 ug/ml,1.1745797315494548
DITNC1,DEP,48 Hours,Hypoxia,50 ug/ml,0.9063029407931888
DITNC1,DEP,48 Hours,Hypoxia,50 ug/ml,0.8444463750488684
DITNC1,DEP,48 Hours,Hypoxia,50 ug/ml,0.8520915685678293
DITNC1,DEP,48 Hours,Hypoxia,50 ug/ml,0.9111680639416184
DITNC1,DEP,48 Hours,Hypoxia,50 ug/ml,0.9716345945006732
DITNC1,DEP,48 Hours,Hypoxia,50 ug/ml,1.1161982537682986
DITNC1,DEP,48 Hours,Hypoxia,50 ug/ml,1.624951131575518
DITNC1,DEP,48 Hours,Hypoxia,100 ug/ml,1.0724121454324311
DITNC1,DEP,48 Hours,Hypoxia,100 ug/ml,0.9028278528300246
DITNC1,DEP,48 Hours,Hypoxia,100 ug/ml,0.8451413926415012
DITNC1,DEP,48 Hours,Hypoxia,100 ug/ml,0.8055253898614309
DITNC1,DEP,48 Hours,Hypoxia,100 ug/ml,0.8743321315320793
DITNC1,DEP,48 Hours,Hypoxia,100 ug/ml,0.927848486164806
DITNC1,DEP,48 Hours,Hypoxia,100 ug/ml,1.0578167759871422
DITNC1,DEP,48 Hours,Hypoxia,100 ug/ml,1.5818600408322834
DITNC1,DEP,48 Hours,Hypoxia,100 ug/ml,1.2197558750705877
DITNC1,DEP,48 Hours,Hypoxia,100 ug/ml,0.927848486164806
DITNC1,DEP,48 Hours,Hypoxia,100 ug/ml,0.8625168324573216
DITNC1,DEP,48 Hours,Hypoxia,100 ug/ml,0.8229008296772511
DITNC1,DEP,48 Hours,Hypoxia,100 ug/ml,0.8750271491247121
DITNC1,DEP,48 Hours,Hypoxia,100 ug/ml,0.9188132574605795
DITNC1,DEP,48 Hours,Hypoxia,100 ug/ml,1.066156987098736
DITNC1,DEP,48 Hours,Hypoxia,100 ug/ml,1.5658746362017288
DITNC1,DEP,48 Hours,Hypoxia,Blank,1.2861543084666818
DITNC1,DEP,48 Hours,Hypoxia,Blank,0.9315603636090452
DITNC1,DEP,48 Hours,Hypoxia,Blank,0.9171362031402599
DITNC1,DEP,48 Hours,Hypoxia,Blank,0.875065735106303
DITNC1,DEP,48 Hours,Hypoxia,Blank,0.8714596949891067
DITNC1,DEP,48 Hours,Hypoxia,Blank,0.901510029299076
DITNC1,DEP,48 Hours,Hypoxia,Blank,0.9796408985049958
DITNC1,DEP,48 Hours,Hypoxia,Blank,1.3943355119825707
DITNC1,DEP,48 Hours,Hypoxia,Blank,1.3702952445345953
DITNC1,DEP,48 Hours,Hypoxia,Blank,0.948388550822628
DITNC1,DEP,48 Hours,Hypoxia,Blank,0.8630456013823153
DITNC1,DEP,48 Hours,Hypoxia,Blank,0.8233791600931561
DITNC1,DEP,48 Hours,Hypoxia,Blank,0.8366013071895424
DITNC1,DEP,48 Hours,Hypoxia,Blank,0.8498234542859289
DITNC1,DEP,48 Hours,Hypoxia,Blank,0.9195402298850575
DITNC1,DEP,48 Hours,Hypoxia,Blank,1.232063706708737
DITNC1,DEP,48 Hours,Hypoxia,20 ug/ml,1.1058523026068665
DITNC1,DEP,48 Hours,Hypoxia,20 ug/ml,0.782510705431598
DITNC1,DEP,48 Hours,Hypoxia,20 ug/ml,0.7921268124107881
DITNC1,DEP,48 Hours,Hypoxia,20 ug/ml,0.7584704379836226
DITNC1,DEP,48 Hours,Hypoxia,20 ug/ml,0.8654496281271129
DITNC1,DEP,48 Hours,Hypoxia,20 ug/ml,0.7668845315904139
DITNC1,DEP,48 Hours,Hypoxia,20 ug/ml,0.8510254676583277
DITNC1,DEP,48 Hours,Hypoxia,20 ug/ml,1.0217113665389528
DITNC1,DEP,48 Hours,Hypoxia,20 ug/ml,1.1166704229584554
DITNC1,DEP,48 Hours,Hypoxia,20 ug/ml,0.83900533393434
DITNC1,DEP,48 Hours,Hypoxia,20 ug/ml,0.7969348659003832
DITNC1,DEP,48 Hours,Hypoxia,20 ug/ml,0.7392382240252423
DITNC1,DEP,48 Hours,Hypoxia,20 ug/ml,0.7476523176320337
DITNC1,DEP,48 Hours,Hypoxia,20 ug/ml,0.7752986251972054
DITNC1,DEP,48 Hours,Hypoxia,20 ug/ml,0.83900533393434
DITNC1,DEP,48 Hours,Hypoxia,20 ug/ml,1.0854180752760876
DITNC1,DEP,48 Hours,Hypoxia,50 ug/ml,1.1070543159792654
DITNC1,DEP,48 Hours,Hypoxia,50 ug/ml,0.8666516414995117
DITNC1,DEP,48 Hours,Hypoxia,50 ug/ml,0.8510254676583277
DITNC1,DEP,48 Hours,Hypoxia,50 ug/ml,0.8341972804447448
DITNC1,DEP,48 Hours,Hypoxia,50 ug/ml,0.83900533393434
DITNC1,DEP,48 Hours,Hypoxia,50 ug/ml,0.8293892269551498
DITNC1,DEP,48 Hours,Hypoxia,50 ug/ml,0.9495905641950267
DITNC1,DEP,48 Hours,Hypoxia,50 ug/ml,1.3390428968522277
DITNC1,DEP,48 Hours,Hypoxia,50 ug/ml,1.278942228232289
DITNC1,DEP,48 Hours,Hypoxia,50 ug/ml,0.9327623769814439
DITNC1,DEP,48 Hours,Hypoxia,50 ug/ml,0.8774697618511006
DITNC1,DEP,48 Hours,Hypoxia,50 ug/ml,0.8642476147547141
DITNC1,DEP,48 Hours,Hypoxia,50 ug/ml,0.9051160694162723
DITNC1,DEP,48 Hours,Hypoxia,50 ug/ml,0.8979039891818796
DITNC1,DEP,48 Hours,Hypoxia,50 ug/ml,0.9712268048982046
DITNC1,DEP,48 Hours,Hypoxia,50 ug/ml,1.3234167230110434
DITNC1,DEP,48 Hours,Hypoxia,100 ug/ml,1.0758019682968973
DITNC1,DEP,48 Hours,Hypoxia,100 ug/ml,0.8438133874239351
DITNC1,DEP,48 Hours,Hypoxia,100 ug/ml,0.8293892269551498
DITNC1,DEP,48 Hours,Hypoxia,100 ug/ml,0.83900533393434
DITNC1,DEP,48 Hours,Hypoxia,100 ug/ml,0.8534294944031252
DITNC1,DEP,48 Hours,Hypoxia,100 ug/ml,0.8870858688302907
DITNC1,DEP,48 Hours,Hypoxia,100 ug/ml,0.9543986176846218
DITNC1,DEP,48 Hours,Hypoxia,100 ug/ml,1.2981744421906694
DITNC1,DEP,48 Hours,Hypoxia,100 ug/ml,1.352265043948614
DITNC1,DEP,48 Hours,Hypoxia,100 ug/ml,0.9267523101194501
DITNC1,DEP,48 Hours,Hypoxia,100 ug/ml,0.8353992938171436
DITNC1,DEP,48 Hours,Hypoxia,100 ug/ml,0.8017429193899782
DITNC1,DEP,48 Hours,Hypoxia,100 ug/ml,0.8005409060175795
DITNC1,DEP,48 Hours,Hypoxia,100 ug/ml,0.8810758019682969
DITNC1,DEP,48 Hours,Hypoxia,100 ug/ml,0.9387724438434378
DITNC1,DEP,48 Hours,Hypoxia,100 ug/ml,1.2416798136879272
DITNC1,DEP,48 Hours,Hypoxia,Blank,1.3481717011128775
DITNC1,DEP,48 Hours,Hypoxia,Blank,0.959830418653948
DITNC1,DEP,48 Hours,Hypoxia,Blank,0.8546899841017488
DITNC1,DEP,48 Hours,Hypoxia,Blank,0.8055113937466879
DITNC1,DEP,48 Hours,Hypoxia,Blank,0.8173820879703232
DITNC1,DEP,48 Hours,Hypoxia,Blank,0.82586115527292
DITNC1,DEP,48 Hours,Hypoxia,Blank,0.9010422186892776
DITNC1,DEP,48 Hours,Hypoxia,Blank,1.2673379261614557
DITNC1,DEP,48 Hours,Hypoxia,Blank,1.3560854972619678
DITNC1,DEP,48 Hours,Hypoxia,Blank,1.0423600070658894
DITNC1,DEP,48 Hours,Hypoxia,Blank,0.8931284225401873
DITNC1,DEP,48 Hours,Hypoxia,Blank,0.8349054937290232
DITNC1,DEP,48 Hours,Hypoxia,Blank,0.8631690514043455
DITNC1,DEP,48 Hours,Hypoxia,Blank,0.8705175763999293
DITNC1,DEP,48 Hours,Hypoxia,Blank,0.977353824412648
DITNC1,DEP,48 Hours,Hypoxia,Blank,1.382653241476771
DITNC1,DEP,48 Hours,Hypoxia,20 ug/ml,1.2673379261614557
DITNC1,DEP,48 Hours,Hypoxia,20 ug/ml,0.8479067302596714
DITNC1,DEP,48 Hours,Hypoxia,20 ug/ml,0.7518106341635754
DITNC1,DEP,48 Hours,Hypoxia,20 ug/ml,0.6941529765059177
DITNC1,DEP,48 Hours,Hypoxia,20 ug/ml,0.7003709591944887
DITNC1,DEP,48 Hours,Hypoxia,20 ug/ml,0.690761349584879
DITNC1,DEP,48 Hours,Hypoxia,20 ug/ml,0.7557675322381204
DITNC1,DEP,48 Hours,Hypoxia,20 ug/ml,0.9779190955661544
DITNC1,DEP,48 Hours,Hypoxia,20 ug/ml,1.6104575163398693
DITNC1,DEP,48 Hours,Hypoxia,20 ug/ml,1.123759053170818
DITNC1,DEP,48 Hours,Hypoxia,20 ug/ml,1.0010952128599186
DITNC1,DEP,48 Hours,Hypoxia,20 ug/ml,0.9536124359653771
DITNC1,DEP,48 Hours,Hypoxia,20 ug/ml,1.0022257551669316
DITNC1,DEP,48 Hours,Hypoxia,20 ug/ml,0.9965730436318672
DITNC1,DEP,48 Hours,Hypoxia,20 ug/ml,1.1056703762586115
DITNC1,DEP,48 Hours,Hypoxia,20 ug/ml,1.5488429606076666
DITNC1,DEP,48 Hours,Hypoxia,50 ug/ml,1.2125066242713303
DITNC1,DEP,48 Hours,Hypoxia,50 ug/ml,0.8264264264264264
DITNC1,DEP,48 Hours,Hypoxia,50 ug/ml,0.6687157745981276
DITNC1,DEP,48 Hours,Hypoxia,50 ug/ml,0.6478007419183889
DITNC1,DEP,48 Hours,Hypoxia,50 ug/ml,0.6494965553789084
DITNC1,DEP,48 Hours,Hypoxia,50 ug/ml,0.6336689630807278
DITNC1,DEP,48 Hours,Hypoxia,50 ug/ml,0.668150503444621
DITNC1,DEP,48 Hours,Hypoxia,50 ug/ml,0.852428899487723
DITNC1,DEP,48 Hours,Hypoxia,50 ug/ml,1.4109167991520932
DITNC1,DEP,48 Hours,Hypoxia,50 ug/ml,1.1079314608726374
DITNC1,DEP,48 Hours,Hypoxia,50 ug/ml,0.9547429782723901
DITNC1,DEP,48 Hours,Hypoxia,50 ug/ml,0.8942589648472002
DITNC1,DEP,48 Hours,Hypoxia,50 ug/ml,0.9445680975092741
DITNC1,DEP,48 Hours,Hypoxia,50 ug/ml,0.8976505917682389
DITNC1,DEP,48 Hours,Hypoxia,50 ug/ml,1.0005299417064124
DITNC1,DEP,48 Hours,Hypoxia,50 ug/ml,1.299558381911323
DITNC1,DEP,48 Hours,Hypoxia,100 ug/ml,1.131672849319908
DITNC1,DEP,48 Hours,Hypoxia,100 ug/ml,0.7947712418300653
DITNC1,DEP,48 Hours,Hypoxia,100 ug/ml,0.6794559265147501
DITNC1,DEP,48 Hours,Hypoxia,100 ug/ml,0.6483660130718955
DITNC1,DEP,48 Hours,Hypoxia,100 ug/ml,0.6557145380674793
DITNC1,DEP,48 Hours,Hypoxia,100 ug/ml,0.6472354707648825
DITNC1,DEP,48 Hours,Hypoxia,100 ug/ml,0.7201554495672143
DITNC1,DEP,48 Hours,Hypoxia,100 ug/ml,0.9315668609786256
DITNC1,DEP,48 Hours,Hypoxia,100 ug/ml,1.3532591414944357
DITNC1,DEP,48 Hours,Hypoxia,100 ug/ml,0.9027380321497969
DITNC1,DEP,48 Hours,Hypoxia,100 ug/ml,0.8908673379261615
DITNC1,DEP,48 Hours,Hypoxia,100 ug/ml,0.7783783783783784
DITNC1,DEP,48 Hours,Hypoxia,100 ug/ml,0.8055113937466879
DITNC1,DEP,48 Hours,Hypoxia,100 ug/ml,0.8236000706588943
DITNC1,DEP,48 Hours,Hypoxia,100 ug/ml,0.8710828475534358
DITNC1,DEP,48 Hours,Hypoxia,100 ug/ml,1.2379438261791202
DITNC1,Ox66,48 Hours,Normoxia,Blank,1.0305186294701365
DITNC1,Ox66,48 Hours,Normoxia,Blank,0.9691069088185733
DITNC1,Ox66,48 Hours,Normoxia,Blank,0.963115521437933
DITNC1,Ox66,48 Hours,Normoxia,Blank,0.9241715034637707
DITNC1,Ox66,48 Hours,Normoxia,Blank,0.9706047556637334
DITNC1,Ox66,48 Hours,Normoxia,Blank,0.9765961430443737
DITNC1,Ox66,48 Hours,Normoxia,Blank,1.0260250889346565
DITNC1,Ox66,48 Hours,Normoxia,Blank,1.1383636023216626
DITNC1,Ox66,48 Hours,Normoxia,Blank,1.0350121700056167
DITNC1,Ox66,48 Hours,Normoxia,Blank,0.9616176745927729
DITNC1,Ox66,48 Hours,Normoxia,Blank,0.9556262872121325
DITNC1,Ox66,48 Hours,Normoxia,Blank,0.9586219809024528
DITNC1,Ox66,48 Hours,Normoxia,Blank,0.9736004493540535
DITNC1,Ox66,48 Hours,Normoxia,Blank,0.9870810709604942
DITNC1,Ox66,48 Hours,Normoxia,Blank,1.0140423141733759
DITNC1,Ox66,48 Hours,Normoxia,Blank,1.1158958996442614
DITNC1,Ox66,48 Hours,Normoxia,50 ppm,1.1054109717281408
DITNC1,Ox66,48 Hours,Normoxia,50 ppm,1.038007863695937
DITNC1,Ox66,48 Hours,Normoxia,50 ppm,1.015540161018536
DITNC1,Ox66,48 Hours,Normoxia,50 ppm,1.0245272420894964
DITNC1,Ox66,48 Hours,Normoxia,50 ppm,1.0320164763152966
DITNC1,Ox66,48 Hours,Normoxia,50 ppm,1.0425014042314171
DITNC1,Ox66,48 Hours,Normoxia,50 ppm,1.0889346564313798
DITNC1,Ox66,48 Hours,Normoxia,50 ppm,1.1892903950571054
DITNC1,Ox66,48 Hours,Normoxia,50 ppm,1.1039131248829808
DITNC1,Ox66,48 Hours,Normoxia,50 ppm,1.0320164763152966
DITNC1,Ox66,48 Hours,Normoxia,50 ppm,1.017038007863696
DITNC1,Ox66,48 Hours,Normoxia,50 ppm,1.0275229357798166
DITNC1,Ox66,48 Hours,Normoxia,50 ppm,1.0439992510765772
DITNC1,Ox66,48 Hours,Normoxia,50 ppm,1.0514884853023778
DITNC1,Ox66,48 Hours,Normoxia,50 ppm,1.0799475753604193
DITNC1,Ox66,48 Hours,Normoxia,50 ppm,1.198277476128066
DITNC1,Ox66,48 Hours,Normoxia,100 ppm,1.1323722149410222
DITNC1,Ox66,48 Hours,Normoxia,100 ppm,1.0919303501217
DITNC1,Ox66,48 Hours,Normoxia,100 ppm,1.0679648005991387
DITNC1,Ox66,48 Hours,Normoxia,100 ppm,1.0679648005991387
DITNC1,Ox66,48 Hours,Normoxia,100 ppm,1.0979217375023402
DITNC1,Ox66,48 Hours,Normoxia,100 ppm,1.0814454222055794
DITNC1,Ox66,48 Hours,Normoxia,100 ppm,1.1173937464894215
DITNC1,Ox66,48 Hours,Normoxia,100 ppm,1.259689196779629
DITNC1,Ox66,48 Hours,Normoxia,100 ppm,1.1248829807152219
DITNC1,Ox66,48 Hours,Normoxia,100 ppm,1.0619734132184984
DITNC1,Ox66,48 Hours,Normoxia,100 ppm,1.0589777195281782
DITNC1,Ox66,48 Hours,Normoxia,100 ppm,1.0619734132184984
DITNC1,Ox66,48 Hours,Normoxia,100 ppm,1.0709604942894588
DITNC1,Ox66,48 Hours,Normoxia,100 ppm,1.073956187979779
DITNC1,Ox66,48 Hours,Normoxia,100 ppm,1.127878674405542
DITNC1,Ox66,48 Hours,Normoxia,100 ppm,1.2357236472570678
DITNC1,Ox66,48 Hours,Normoxia,200 ppm,1.2297322598764275
DITNC1,Ox66,48 Hours,Normoxia,200 ppm,1.1578356113087436
DITNC1,Ox66,48 Hours,Normoxia,200 ppm,1.1353679086313424
DITNC1,Ox66,48 Hours,Normoxia,200 ppm,1.1698183860700244
DITNC1,Ox66,48 Hours,Normoxia,200 ppm,1.1773076202958248
DITNC1,Ox66,48 Hours,Normoxia,200 ppm,1.201273169818386
DITNC1,Ox66,48 Hours,Normoxia,200 ppm,1.2222430256506271
DITNC1,Ox66,48 Hours,Normoxia,200 ppm,1.3480621606440741
DITNC1,Ox66,48 Hours,Normoxia,200 ppm,1.2072645571990264
DITNC1,Ox66,48 Hours,Normoxia,200 ppm,1.1143980527991013
DITNC1,Ox66,48 Hours,Normoxia,200 ppm,1.1308743680958622
DITNC1,Ox66,48 Hours,Normoxia,200 ppm,1.109904512263621
DITNC1,Ox66,48 Hours,Normoxia,200 ppm,1.1233851338700618
DITNC1,Ox66,48 Hours,Normoxia,200 ppm,1.1173937464894215
DITNC1,Ox66,48 Hours,Normoxia,200 ppm,1.1548399176184234
DITNC1,Ox66,48 Hours,Normoxia,200 ppm,1.2447107283280283
DITNC1,Ox66,48 Hours,Normoxia,Blank,1.0064888248017303
DITNC1,Ox66,48 Hours,Normoxia,Blank,0.919971160778659
DITNC1,Ox66,48 Hours,Normoxia,Blank,0.9560201874549388
DITNC1,Ox66,48 Hours,Normoxia,Blank,0.9834174477289114
DITNC1,Ox66,48 Hours,Normoxia,Blank,1.0021629416005766
DITNC1,Ox66,48 Hours,Normoxia,Blank,1.0079307858687814
DITNC1,Ox66,48 Hours,Normoxia,Blank,1.0612833453496755
DITNC1,Ox66,48 Hours,Normoxia,Blank,1.095890410958904
DITNC1,Ox66,48 Hours,Normoxia,Blank,0.9978370583994232
DITNC1,Ox66,48 Hours,Normoxia,Blank,0.919971160778659
DITNC1,Ox66,48 Hours,Normoxia,Blank,0.9156452775775055
DITNC1,Ox66,48 Hours,Normoxia,Blank,0.973323720259553
DITNC1,Ox66,48 Hours,Normoxia,Blank,0.9978370583994232
DITNC1,Ox66,48 Hours,Normoxia,Blank,1.012256669069935
DITNC1,Ox66,48 Hours,Normoxia,Blank,1.0382119682768565
DITNC1,Ox66,48 Hours,Normoxia,Blank,1.1117519826964672
DITNC1,Ox66,48 Hours,Normoxia,50 ppm,1.0670511896178803
DITNC1,Ox66,48 Hours,Normoxia,50 ppm,0.9992790194664743
DITNC1,Ox66,48 Hours,Normoxia,50 ppm,0.9877433309300649
DITNC1,Ox66,48 Hours,Normoxia,50 ppm,0.980533525594809
DITNC1,Ox66,48 Hours,Normoxia,50 ppm,0.9906272530641673
DITNC1,Ox66,48 Hours,Normoxia,50 ppm,1.005046863734679
DITNC1,Ox66,48 Hours,Normoxia,50 ppm,1.0656092285508292
DITNC1,Ox66,48 Hours,Normoxia,50 ppm,1.0093727469358327
DITNC1,Ox66,48 Hours,Normoxia,50 ppm,1.072819033886085
DITNC1,Ox66,48 Hours,Normoxia,50 ppm,1.005046863734679
DITNC1,Ox66,48 Hours,Normoxia,50 ppm,0.9920692141312184
DITNC1,Ox66,48 Hours,Normoxia,50 ppm,1.005046863734679
DITNC1,Ox66,48 Hours,Normoxia,50 ppm,1.0857966834895458
DITNC1,Ox66,48 Hours,Normoxia,50 ppm,1.1232876712328768
DITNC1,Ox66,48 Hours,Normoxia,50 ppm,1.1377072819033887
DITNC1,Ox66,48 Hours,Normoxia,50 ppm,1.202595529920692
DITNC1,Ox66,48 Hours,Normoxia,100 ppm,1.1088680605623649
DITNC1,Ox66,48 Hours,Normoxia,100 ppm,1.0425378514780101
DITNC1,Ox66,48 Hours,Normoxia,100 ppm,1.0180245133381398
DITNC1,Ox66,48 Hours,Normoxia,100 ppm,1.026676279740447
DITNC1,Ox66,48 Hours,Normoxia,100 ppm,1.033886085075703
DITNC1,Ox66,48 Hours,Normoxia,100 ppm,1.0670511896178803
DITNC1,Ox66,48 Hours,Normoxia,100 ppm,1.0915645277577506
DITNC1,Ox66,48 Hours,Normoxia,100 ppm,1.1910598413842826
DITNC1,Ox66,48 Hours,Normoxia,100 ppm,1.117519826964672
DITNC1,Ox66,48 Hours,Normoxia,100 ppm,1.048305695746215
DITNC1,Ox66,48 Hours,Normoxia,100 ppm,1.071377072819034
DITNC1,Ox66,48 Hours,Normoxia,100 ppm,1.080028839221341
DITNC1,Ox66,48 Hours,Normoxia,100 ppm,1.0641672674837779
DITNC1,Ox66,48 Hours,Normoxia,100 ppm,1.0612833453496755
DITNC1,Ox66,48 Hours,Normoxia,100 ppm,1.1016582552271088
DITNC1,Ox66,48 Hours,Normoxia,100 ppm,1.1910598413842826
DITNC1,Ox66,48 Hours,Normoxia,200 ppm,1.193943763518385
DITNC1,Ox66,48 Hours,Normoxia,200 ppm,1.1146359048305696
DITNC1,Ox66,48 Hours,Normoxia,200 ppm,1.1290555155010815
DITNC1,Ox66,48 Hours,Normoxia,200 ppm,1.1564527757750542
DITNC1,Ox66,48 Hours,Normoxia,200 ppm,1.1016582552271088
DITNC1,Ox66,48 Hours,Normoxia,200 ppm,1.1131939437635183
DITNC1,Ox66,48 Hours,Normoxia,200 ppm,1.162220620043259
DITNC1,Ox66,48 Hours,Normoxia,200 ppm,1.2718096611391492
DITNC1,Ox66,48 Hours,Normoxia,200 ppm,1.193943763518385
DITNC1,Ox66,48 Hours,Normoxia,200 ppm,1.1131939437635183
DITNC1,Ox66,48 Hours,Normoxia,200 ppm,1.1002162941600577
DITNC1,Ox66,48 Hours,Normoxia,200 ppm,1.0886806056236482
DITNC1,Ox66,48 Hours,Normoxia,200 ppm,1.140591204037491
DITNC1,Ox66,48 Hours,Normoxia,200 ppm,1.1578947368421053
DITNC1,Ox66,48 Hours,Normoxia,200 ppm,1.1997116077865897
DITNC1,Ox66,48 Hours,Normoxia,200 ppm,1.3467916366258113
DITNC1,Ox66,48 Hours,Normoxia,Blank,1.0258839451869397
DITNC1,Ox66,48 Hours,Normoxia,Blank,0.9622737269497547
DITNC1,Ox66,48 Hours,Normoxia,Blank,0.9622737269497547
DITNC1,Ox66,48 Hours,Normoxia,Blank,0.9609203180510912
DITNC1,Ox66,48 Hours,Normoxia,Blank,0.9690407714430722
DITNC1,Ox66,48 Hours,Normoxia,Blank,0.9649805447470817
DITNC1,Ox66,48 Hours,Normoxia,Blank,1.00287599390966
DITNC1,Ox66,48 Hours,Normoxia,Blank,1.1097952969040772
DITNC1,Ox66,48 Hours,Normoxia,Blank,1.0475384875655558
DITNC1,Ox66,48 Hours,Normoxia,Blank,0.9731009981390628
DITNC1,Ox66,48 Hours,Normoxia,Blank,0.9487396379631197
DITNC1,Ox66,48 Hours,Normoxia,Blank,0.9676873625444088
DITNC1,Ox66,48 Hours,Normoxia,Blank,0.9988157672136695
DITNC1,Ox66,48 Hours,Normoxia,Blank,0.9771612248350533
DITNC1,Ox66,48 Hours,Normoxia,Blank,1.0123498562003046
DITNC1,Ox66,48 Hours,Normoxia,Blank,1.1165623413973946
DITNC1,Ox66,48 Hours,Normoxia,50 ppm,1.0867873456267976
DITNC1,Ox66,48 Hours,Normoxia,50 ppm,1.008289629504314
DITNC1,Ox66,48 Hours,Normoxia,50 ppm,1.0407714430722383
DITNC1,Ox66,48 Hours,Normoxia,50 ppm,1.0380646252749113
DITNC1,Ox66,48 Hours,Normoxia,50 ppm,1.0285907629842668
DITNC1,Ox66,48 Hours,Normoxia,50 ppm,1.019116900693622
DITNC1,Ox66,48 Hours,Normoxia,50 ppm,1.0475384875655558
DITNC1,Ox66,48 Hours,Normoxia,50 ppm,1.167991879546608
DITNC1,Ox66,48 Hours,Normoxia,50 ppm,1.1003214346134327
DITNC1,Ox66,48 Hours,Normoxia,50 ppm,1.0150566739976317
DITNC1,Ox66,48 Hours,Normoxia,50 ppm,0.9961089494163424
DITNC1,Ox66,48 Hours,Normoxia,50 ppm,1.021823718490949
DITNC1,Ox66,48 Hours,Normoxia,50 ppm,1.0272373540856032
DITNC1,Ox66,48 Hours,Normoxia,50 ppm,1.019116900693622
DITNC1,Ox66,48 Hours,Normoxia,50 ppm,1.061072576552191
DITNC1,Ox66,48 Hours,Normoxia,50 ppm,1.1531043816613096
DITNC1,Ox66,48 Hours,Normoxia,100 ppm,1.1476907460666554
DITNC1,Ox66,48 Hours,Normoxia,100 ppm,1.0827271189308072
DITNC1,Ox66,48 Hours,Normoxia,100 ppm,1.0894941634241246
DITNC1,Ox66,48 Hours,Normoxia,100 ppm,1.1030282524107595
DITNC1,Ox66,48 Hours,Normoxia,100 ppm,1.1030282524107595
DITNC1,Ox66,48 Hours,Normoxia,100 ppm,1.1328032481813568
DITNC1,Ox66,48 Hours,Normoxia,100 ppm,1.167991879546608
DITNC1,Ox66,48 Hours,Normoxia,100 ppm,1.2722043647436982
DITNC1,Ox66,48 Hours,Normoxia,100 ppm,1.1882930130265608
DITNC1,Ox66,48 Hours,Normoxia,100 ppm,1.1084418880054137
DITNC1,Ox66,48 Hours,Normoxia,100 ppm,1.1246827947893758
DITNC1,Ox66,48 Hours,Normoxia,100 ppm,1.1341566570800203
DITNC1,Ox66,48 Hours,Normoxia,100 ppm,1.1937066486212147
DITNC1,Ox66,48 Hours,Normoxia,100 ppm,1.223481644391812
DITNC1,Ox66,48 Hours,Normoxia,100 ppm,1.2694975469463712
DITNC1,Ox66,48 Hours,Normoxia,100 ppm,1.3561157164608357
DITNC1,Ox66,48 Hours,Normoxia,200 ppm,1.1788191507359163
DITNC1,Ox66,48 Hours,Normoxia,200 ppm,1.1192691591947217
DITNC1,Ox66,48 Hours,Normoxia,200 ppm,1.1287430214853662
DITNC1,Ox66,48 Hours,Normoxia,200 ppm,1.1179157502960582
DITNC1,Ox66,48 Hours,Normoxia,200 ppm,1.1503975638639825
DITNC1,Ox66,48 Hours,Normoxia,200 ppm,1.1977668753172053
DITNC1,Ox66,48 Hours,Normoxia,200 ppm,1.2329555066824565
DITNC1,Ox66,48 Hours,Normoxia,200 ppm,1.3385214007782102
DITNC1,Ox66,48 Hours,Normoxia,200 ppm,1.223481644391812
DITNC1,Ox66,48 Hours,Normoxia,200 ppm,1.1368634748773474
DITNC1,Ox66,48 Hours,Normoxia,200 ppm,1.1558111994586364
DITNC1,Ox66,48 Hours,Normoxia,200 ppm,1.2302486888851296
DITNC1,Ox66,48 Hours,Normoxia,200 ppm,1.226188462189139
DITNC1,Ox66,48 Hours,Normoxia,200 ppm,1.2018271020131959
DITNC1,Ox66,48 Hours,Normoxia,200 ppm,1.23430891558112
DITNC1,Ox66,48 Hours,Normoxia,200 ppm,1.3263407206902387
DITNC1,Ox66,48 Hours,Hypoxia,Blank,1.232480170087497
DITNC1,Ox66,48 Hours,Hypoxia,Blank,0.957723444271813
DITNC1,Ox66,48 Hours,Hypoxia,Blank,0.9237059448851092
DITNC1,Ox66,48 Hours,Hypoxia,Blank,0.9132390219968927
DITNC1,Ox66,48 Hours,Hypoxia,Blank,0.9302477716902445
DITNC1,Ox66,48 Hours,Hypoxia,Blank,0.940714694578461
DITNC1,Ox66,48 Hours,Hypoxia,Blank,0.9838907514923543
DITNC1,Ox66,48 Hours,Hypoxia,Blank,1.1788371902853874
DITNC1,Ox66,48 Hours,Hypoxia,Blank,1.1670619020361437
DITNC1,Ox66,48 Hours,Hypoxia,Blank,0.95903180963284
DITNC1,Ox66,48 Hours,Hypoxia,Blank,0.9263226756071633
DITNC1,Ox66,48 Hours,Hypoxia,Blank,0.8831466186932702
DITNC1,Ox66,48 Hours,Hypoxia,Blank,0.897538637664568
DITNC1,Ox66,48 Hours,Hypoxia,Blank,0.9184724834410009
DITNC1,Ox66,48 Hours,Hypoxia,Blank,0.9982827704636521
DITNC1,Ox66,48 Hours,Hypoxia,Blank,1.1893041131736037
DITNC1,Ox66,48 Hours,Hypoxia,50 ppm,1.4562106468231255
DITNC1,Ox66,48 Hours,Hypoxia,50 ppm,1.1762204595633332
DITNC1,Ox66,48 Hours,Hypoxia,50 ppm,1.0898683457355467
DITNC1,Ox66,48 Hours,Hypoxia,50 ppm,1.0689344999591135
DITNC1,Ox66,48 Hours,Hypoxia,50 ppm,1.0597759424319242
DITNC1,Ox66,48 Hours,Hypoxia,50 ppm,1.0833265189304113
DITNC1,Ox66,48 Hours,Hypoxia,50 ppm,1.1121105568730068
DITNC1,Ox66,48 Hours,Hypoxia,50 ppm,1.3580832447460955
DITNC1,Ox66,48 Hours,Hypoxia,50 ppm,1.4156513206312864
DITNC1,Ox66,48 Hours,Hypoxia,50 ppm,1.1461280562597107
DITNC1,Ox66,48 Hours,Hypoxia,50 ppm,1.096410172540682
DITNC1,Ox66,48 Hours,Hypoxia,50 ppm,1.0480006541826807
DITNC1,Ox66,48 Hours,Hypoxia,50 ppm,1.0820181535693842
DITNC1,Ox66,48 Hours,Hypoxia,50 ppm,1.0977185379017091
DITNC1,Ox66,48 Hours,Hypoxia,50 ppm,1.1317360372884129
DITNC1,Ox66,48 Hours,Hypoxia,50 ppm,1.3279908414424728
DITNC1,Ox66,48 Hours,Hypoxia,100 ppm,1.4941532422929102
DITNC1,Ox66,48 Hours,Hypoxia,100 ppm,1.2364052661705782
DITNC1,Ox66,48 Hours,Hypoxia,100 ppm,1.1526698830648459
DITNC1,Ox66,48 Hours,Hypoxia,100 ppm,1.1408945948156024
DITNC1,Ox66,48 Hours,Hypoxia,100 ppm,1.1513615177038188
DITNC1,Ox66,48 Hours,Hypoxia,100 ppm,1.1906124785346308
DITNC1,Ox66,48 Hours,Hypoxia,100 ppm,1.2233216125603077
DITNC1,Ox66,48 Hours,Hypoxia,100 ppm,1.4038760323820427
DITNC1,Ox66,48 Hours,Hypoxia,100 ppm,1.4902281462098292
DITNC1,Ox66,48 Hours,Hypoxia,100 ppm,1.2298634393654428
DITNC1,Ox66,48 Hours,Hypoxia,100 ppm,1.1513615177038188
DITNC1,Ox66,48 Hours,Hypoxia,100 ppm,1.1304276719273858
DITNC1,Ox66,48 Hours,Hypoxia,100 ppm,1.1487447869817646
DITNC1,Ox66,48 Hours,Hypoxia,100 ppm,1.1461280562597107
DITNC1,Ox66,48 Hours,Hypoxia,100 ppm,1.2141630550331182
DITNC1,Ox66,48 Hours,Hypoxia,100 ppm,1.4182680513533406
DITNC1,Ox66,48 Hours,Hypoxia,200 ppm,1.5621882410663177
DITNC1,Ox66,48 Hours,Hypoxia,200 ppm,1.354158148663014
DITNC1,Ox66,48 Hours,Hypoxia,200 ppm,1.2429470929757136
DITNC1,Ox66,48 Hours,Hypoxia,200 ppm,1.2651893041131737
DITNC1,Ox66,48 Hours,Hypoxia,200 ppm,1.2743478616403632
DITNC1,Ox66,48 Hours,Hypoxia,200 ppm,1.2861231498896066
DITNC1,Ox66,48 Hours,Hypoxia,200 ppm,1.3554665140240414
DITNC1,Ox66,48 Hours,Hypoxia,200 ppm,1.5347125684847496
DITNC1,Ox66,48 Hours,Hypoxia,200 ppm,1.6720909313925916
DITNC1,Ox66,48 Hours,Hypoxia,200 ppm,1.3973342055769076
DITNC1,Ox66,48 Hours,Hypoxia,200 ppm,1.3410744950527433
DITNC1,Ox66,48 Hours,Hypoxia,200 ppm,1.2965900727778232
DITNC1,Ox66,48 Hours,Hypoxia,200 ppm,1.3397661296917165
DITNC1,Ox66,48 Hours,Hypoxia,200 ppm,1.3227573799983645
DITNC1,Ox66,48 Hours,Hypoxia,200 ppm,1.3934091094938261
DITNC1,Ox66,48 Hours,Hypoxia,200 ppm,1.6485403548941042
DITNC1,Ox66,48 Hours,Hypoxia,Blank,1.398546925323946
DITNC1,Ox66,48 Hours,Hypoxia,Blank,1.0090629915362146
DITNC1,Ox66,48 Hours,Hypoxia,Blank,0.9239757321548948
DITNC1,Ox66,48 Hours,Hypoxia,Blank,0.891618605347914
DITNC1,Ox66,48 Hours,Hypoxia,Blank,0.8688487753726313
DITNC1,Ox66,48 Hours,Hypoxia,Blank,0.8940154295558386
DITNC1,Ox66,48 Hours,Hypoxia,Blank,0.9059995505954611
DITNC1,Ox66,48 Hours,Hypoxia,Blank,1.0845629540858364
DITNC1,Ox66,48 Hours,Hypoxia,Blank,1.375777095348663
DITNC1,Ox66,48 Hours,Hypoxia,Blank,0.9994756947045166
DITNC1,Ox66,48 Hours,Hypoxia,Blank,0.9287693805707439
DITNC1,Ox66,48 Hours,Hypoxia,Blank,0.8880233690360273
DITNC1,Ox66,48 Hours,Hypoxia,Blank,0.8880233690360273
DITNC1,Ox66,48 Hours,Hypoxia,Blank,0.8988090779716875
DITNC1,Ox66,48 Hours,Hypoxia,Blank,0.9467455621301776
DITNC1,Ox66,48 Hours,Hypoxia,Blank,1.0977454872294212
DITNC1,Ox66,48 Hours,Hypoxia,50 ppm,1.5088008388884728
DITNC1,Ox66,48 Hours,Hypoxia,50 ppm,1.1468803834918733
DITNC1,Ox66,48 Hours,Hypoxia,50 ppm,1.045015354655082
DITNC1,Ox66,48 Hours,Hypoxia,50 ppm,1.0078645794322523
DITNC1,Ox66,48 Hours,Hypoxia,50 ppm,0.9994756947045166
DITNC1,Ox66,48 Hours,Hypoxia,50 ppm,1.00666616732829
DITNC1,Ox66,48 Hours,Hypoxia,50 ppm,1.0282375851996106
DITNC1,Ox66,48 Hours,Hypoxia,50 ppm,1.2247771702494197
DITNC1,Ox66,48 Hours,Hypoxia,50 ppm,1.5423563777994158
DITNC1,Ox66,48 Hours,Hypoxia,50 ppm,1.184031158714703
DITNC1,Ox66,48 Hours,Hypoxia,50 ppm,1.096547075125459
DITNC1,Ox66,48 Hours,Hypoxia,50 ppm,1.0546026514867801
DITNC1,Ox66,48 Hours,Hypoxia,50 ppm,1.0474121788630066
DITNC1,Ox66,48 Hours,Hypoxia,50 ppm,1.0809677177739496
DITNC1,Ox66,48 Hours,Hypoxia,50 ppm,1.1229121414126284
DITNC1,Ox66,48 Hours,Hypoxia,50 ppm,1.3194517264624372
DITNC1,Ox66,48 Hours,Hypoxia,100 ppm,1.5435547899033781
DITNC1,Ox66,48 Hours,Hypoxia,100 ppm,1.182832746610741
DITNC1,Ox66,48 Hours,Hypoxia,100 ppm,1.0725788330462138
DITNC1,Ox66,48 Hours,Hypoxia,100 ppm,1.0581978877986669
DITNC1,Ox66,48 Hours,Hypoxia,100 ppm,1.0342296457194218
DITNC1,Ox66,48 Hours,Hypoxia,100 ppm,1.0426185304471576
DITNC1,Ox66,48 Hours,Hypoxia,100 ppm,1.0845629540858364
DITNC1,Ox66,48 Hours,Hypoxia,100 ppm,1.2703168301999852
DITNC1,Ox66,48 Hours,Hypoxia,100 ppm,1.5878960377499813
DITNC1,Ox66,48 Hours,Hypoxia,100 ppm,1.2259755823533818
DITNC1,Ox66,48 Hours,Hypoxia,100 ppm,1.10253913564527
DITNC1,Ox66,48 Hours,Hypoxia,100 ppm,1.0809677177739496
DITNC1,Ox66,48 Hours,Hypoxia,100 ppm,1.0617931241105536
DITNC1,Ox66,48 Hours,Hypoxia,100 ppm,1.0677851846303648
DITNC1,Ox66,48 Hours,Hypoxia,100 ppm,1.096547075125459
DITNC1,Ox66,48 Hours,Hypoxia,100 ppm,1.2619279454722492
DITNC1,Ox66,48 Hours,Hypoxia,200 ppm,1.663396000299603
DITNC1,Ox66,48 Hours,Hypoxia,200 ppm,1.2954834843831924
DITNC1,Ox66,48 Hours,Hypoxia,200 ppm,1.1852295708186653
DITNC1,Ox66,48 Hours,Hypoxia,200 ppm,1.1768406860909295
DITNC1,Ox66,48 Hours,Hypoxia,200 ppm,1.1672533892592316
DITNC1,Ox66,48 Hours,Hypoxia,200 ppm,1.1780390981948918
DITNC1,Ox66,48 Hours,Hypoxia,200 ppm,1.2068009886899858
DITNC1,Ox66,48 Hours,Hypoxia,200 ppm,1.412927870571493
DITNC1,Ox66,48 Hours,Hypoxia,200 ppm,1.6562055276758294
DITNC1,Ox66,48 Hours,Hypoxia,200 ppm,1.3158564901505507
DITNC1,Ox66,48 Hours,Hypoxia,200 ppm,1.1984121039622502
DITNC1,Ox66,48 Hours,Hypoxia,200 ppm,1.188824807130552
DITNC1,Ox66,48 Hours,Hypoxia,200 ppm,1.155269268219609
DITNC1,Ox66,48 Hours,Hypoxia,200 ppm,1.168451801363194
DITNC1,Ox66,48 Hours,Hypoxia,200 ppm,1.2139914613137592
DITNC1,Ox66,48 Hours,Hypoxia,200 ppm,1.418919931091304
DITNC1,Ox66,48 Hours,Hypoxia,Blank,1.1884471627590893
DITNC1,Ox66,48 Hours,Hypoxia,Blank,0.9557594291539245
DITNC1,Ox66,48 Hours,Hypoxia,Blank,0.909004417261298
DITNC1,Ox66,48 Hours,Hypoxia,Blank,0.8992184845395854
DITNC1,Ox66,48 Hours,Hypoxia,Blank,0.9144410465511382
DITNC1,Ox66,48 Hours,Hypoxia,Blank,0.9253143051308189
DITNC1,Ox66,48 Hours,Hypoxia,Blank,1.052531430513082
DITNC1,Ox66,48 Hours,Hypoxia,Blank,1.325450220863065
DITNC1,Ox66,48 Hours,Hypoxia,Blank,1.216717635066259
DITNC1,Ox66,48 Hours,Hypoxia,Blank,0.9416241930003398
DITNC1,Ox66,48 Hours,Hypoxia,Blank,0.8948691811077132
DITNC1,Ox66,48 Hours,Hypoxia,Blank,0.8742099898063201
DITNC1,Ox66,48 Hours,Hypoxia,Blank,0.8850832483860006
DITNC1,Ox66,48 Hours,Hypoxia,Blank,0.8861705742439687
DITNC1,Ox66,48 Hours,Hypoxia,Blank,0.9611960584437649
DITNC1,Ox66,48 Hours,Hypoxia,Blank,1.1699626231736324
DITNC1,Ox66,48 Hours,Hypoxia,50 ppm,1.3569826707441386
DITNC1,Ox66,48 Hours,Hypoxia,50 ppm,1.0721032959565069
DITNC1,Ox66,48 Hours,Hypoxia,50 ppm,1.0231736323479441
DITNC1,Ox66,48 Hours,Hypoxia,50 ppm,0.999252463472647
DITNC1,Ox66,48 Hours,Hypoxia,50 ppm,1.0318722392116888
DITNC1,Ox66,48 Hours,Hypoxia,50 ppm,1.0634046890927624
DITNC1,Ox66,48 Hours,Hypoxia,50 ppm,1.1058103975535167
DITNC1,Ox66,48 Hours,Hypoxia,50 ppm,1.3591573224600748
DITNC1,Ox66,48 Hours,Hypoxia,50 ppm,1.3482840638803941
DITNC1,Ox66,48 Hours,Hypoxia,50 ppm,1.0981991165477405
DITNC1,Ox66,48 Hours,Hypoxia,50 ppm,1.0286102616377846
DITNC1,Ox66,48 Hours,Hypoxia,50 ppm,1.0014271151885832
DITNC1,Ox66,48 Hours,Hypoxia,50 ppm,1.0079510703363914
DITNC1,Ox66,48 Hours,Hypoxia,50 ppm,1.0655793408086986
DITNC1,Ox66,48 Hours,Hypoxia,50 ppm,1.0775399252463473
DITNC1,Ox66,48 Hours,Hypoxia,50 ppm,1.3167516139993205
DITNC1,Ox66,48 Hours,Hypoxia,100 ppm,1.3874277947672444
DITNC1,Ox66,48 Hours,Hypoxia,100 ppm,1.1319062181447501
DITNC1,Ox66,48 Hours,Hypoxia,100 ppm,1.0710159700985389
DITNC1,Ox66,48 Hours,Hypoxia,100 ppm,1.0644920149507306
DITNC1,Ox66,48 Hours,Hypoxia,100 ppm,1.0764525993883791
DITNC1,Ox66,48 Hours,Hypoxia,100 ppm,1.0992864424057083
DITNC1,Ox66,48 Hours,Hypoxia,100 ppm,1.1340808698606863
DITNC1,Ox66,48 Hours,Hypoxia,100 ppm,1.3504587155963304
DITNC1,Ox66,48 Hours,Hypoxia,100 ppm,1.4320081549439347
DITNC1,Ox66,48 Hours,Hypoxia,100 ppm,1.1286442405708461
DITNC1,Ox66,48 Hours,Hypoxia,100 ppm,1.0797145769622833
DITNC1,Ox66,48 Hours,Hypoxia,100 ppm,1.0438328236493373
DITNC1,Ox66,48 Hours,Hypoxia,100 ppm,1.0590553856608902
DITNC1,Ox66,48 Hours,Hypoxia,100 ppm,1.0775399252463473
DITNC1,Ox66,48 Hours,Hypoxia,100 ppm,1.1297315664288141
DITNC1,Ox66,48 Hours,Hypoxia,100 ppm,1.364593951749915
DITNC1,Ox66,48 Hours,Hypoxia,200 ppm,1.49072375127421
DITNC1,Ox66,48 Hours,Hypoxia,200 ppm,1.2863064899762149
DITNC1,Ox66,48 Hours,Hypoxia,200 ppm,1.2178049609242272
DITNC1,Ox66,48 Hours,Hypoxia,200 ppm,1.198233095480802
DITNC1,Ox66,48 Hours,Hypoxia,200 ppm,1.213455657492355
DITNC1,Ox66,48 Hours,Hypoxia,200 ppm,1.2612979952429493
DITNC1,Ox66,48 Hours,Hypoxia,200 ppm,1.3972137274889567
DITNC1,Ox66,48 Hours,Hypoxia,200 ppm,1.6418620455317703
DITNC1,Ox66,48 Hours,Hypoxia,200 ppm,1.45158002038736
DITNC1,Ox66,48 Hours,Hypoxia,200 ppm,1.2101936799184505
DITNC1,Ox66,48 Hours,Hypoxia,200 ppm,1.1667006455997282
DITNC1,Ox66,48 Hours,Hypoxia,200 ppm,1.1373428474345906
DITNC1,Ox66,48 Hours,Hypoxia,200 ppm,1.1764865783214409
DITNC1,Ox66,48 Hours,Hypoxia,200 ppm,1.1667006455997282
DITNC1,Ox66,48 Hours,Hypoxia,200 ppm,1.2145429833503227
DITNC1,Ox66,48 Hours,Hypoxia,200 ppm,1.4863744478423377
