cells,compound,condition,exposure_time,response,treatment
SVG,DEP,Hypoxia,48 Hours,0.714,Blank
SVG,DEP,Hypoxia,48 Hours,0.69,Blank
SVG,DEP,Hypoxia,48 Hours,0.681,Blank
SVG,DEP,Hypoxia,48 Hours,0.678,Blank
SVG,DEP,Hypoxia,48 Hours,0.689,Blank
SVG,DEP,Hypoxia,48 Hours,0.697,Blank
SVG,DEP,Hypoxia,48 Hours,0.716,Blank
SVG,DEP,Hypoxia,48 Hours,0.744,Blank
SVG,DEP,Hypoxia,48 Hours,0.714,Blank
SVG,DEP,Hypoxia,48 Hours,0.688,Blank
SVG,DEP,Hypoxia,48 Hours,0.652,Blank
SVG,DEP,Hypoxia,48 Hours,0.677,Blank
SVG,DEP,Hypoxia,48 Hours,0.679,Blank
SVG,DEP,Hypoxia,48 Hours,0.697,Blank
SVG,DEP,Hypoxia,48 Hours,0.711,Blank
SVG,DEP,Hypoxia,48 Hours,0.748,Blank
SVG,DEP,Hypoxia,48 Hours,0.72,20 ug/ml
SVG,DEP,Hypoxia,48 Hours,0.692,20 ug/ml
SVG,DEP,Hypoxia,48 Hours,0.692,20 ug/ml
SVG,DEP,Hypoxia,48 Hours,0.707,20 ug/ml
SVG,DEP,Hypoxia,48 Hours,0.716,20 ug/ml
SVG,DEP,Hypoxia,48 Hours,0.712,20 ug/ml
SVG,DEP,Hypoxia,48 Hours,0.713,20 ug/ml
SVG,DEP,Hypoxia,48 Hours,0.753,20 ug/ml
SVG,DEP,Hypoxia,48 Hours,0.72,20 ug/ml
SVG,DEP,Hypoxia,48 Hours,0.676,20 ug/ml
SVG,DEP,Hypoxia,48 Hours,0.682,20 ug/ml
SVG,DEP,Hypoxia,48 Hours,0.677,20 ug/ml
SVG,DEP,Hypoxia,48 Hours,0.679,20 ug/ml
SVG,DEP,Hypoxia,48 Hours,0.682,20 ug/ml
SVG,DEP,Hypoxia,48 Hours,0.704,20 ug/ml
SVG,DEP,Hypoxia,48 Hours,0.75,20 ug/ml
SVG,DEP,Hypoxia,48 Hours,0.749,50 ug/ml
SVG,DEP,Hypoxia,48 Hours,0.697,50 ug/ml
SVG,DEP,Hypoxia,48 Hours,0.684,50 ug/ml
SVG,DEP,Hypoxia,48 Hours,0.697,50 ug/ml
SVG,DEP,Hypoxia,48 Hours,0.691,50 ug/ml
SVG,DEP,Hypoxia,48 Hours,0.691,50 ug/ml
SVG,DEP,Hypoxia,48 Hours,0.703,50 ug/ml
SVG,DEP,Hypoxia,48 Hours,0.763,50 ug/ml
SVG,DEP,Hypoxia,48 Hours,0.774,50 ug/ml
SVG,DEP,Hypoxia,48 Hours,0.722,50 ug/ml
SVG,DEP,Hypoxia,48 Hours,0.712,50 ug/ml
SVG,DEP,Hypoxia,48 Hours,0.703,50 ug/ml
SVG,DEP,Hypoxia,48 Hours,0.716,50 ug/ml
SVG,DEP,Hypoxia,48 Hours,0.712,50 ug/ml
SVG,DEP,Hypoxia,48 Hours,0.712,50 ug/ml
SVG,DEP,Hypoxia,48 Hours,0.762,50 ug/ml
SVG,DEP,Hypoxia,48 Hours,0.781,100 ug/ml
SVG,DEP,Hypoxia,48 Hours,0.747,100 ug/ml
SVG,DEP,Hypoxia,48 Hours,0.724,100 ug/ml
SVG,DEP,Hypoxia,48 Hours,0.737,100 ug/ml
SVG,DEP,Hypoxia,48 Hours,0.758,100 ug/ml
SVG,DEP,Hypoxia,48 Hours,0.754,100 ug/ml
SVG,DEP,Hypoxia,48 Hours,0.76,100 ug/ml
SVG,DEP,Hypoxia,48 Hours,0.828,100 ug/ml
SVG,DEP,Hypoxia,48 Hours,0.79,100 ug/ml
SVG,DEP,Hypoxia,48 Hours,0.739,100 ug/ml
SVG,DEP,Hypoxia,48 Hours,0.748,100 ug/ml
SVG,DEP,Hypoxia,48 Hours,0.742,100 ug/ml
SVG,DEP,Hypoxia,48 Hours,0.761,100 ug/ml
SVG,DEP,Hypoxia,48 Hours,0.729,100 ug/ml
SVG,DEP,Hypoxia,48 Hours,0.756,100 ug/ml
SVG,DEP,Hypoxia,48 Hours,0.791,100 ug/ml
SVG,DEP,Hypoxia,48 Hours,0.781,Blank
SVG,DEP,Hypoxia,48 Hours,0.728,Blank
SVG,DEP,Hypoxia,48 Hours,0.712,Blank
SVG,DEP,Hypoxia,48 Hours,0.702,Blank
SVG,DEP,Hypoxia,48 Hours,0.697,Blank
SVG,DEP,Hypoxia,48 Hours,0.703,Blank
SVG,DEP,Hypoxia,48 Hours,0.712,Blank
SVG,DEP,Hypoxia,48 Hours,0.747,Blank
SVG,DEP,Hypoxia,48 Hours,0.762,Blank
SVG,DEP,Hypoxia,48 Hours,0.703,Blank
SVG,DEP,Hypoxia,48 Hours,0.678,Blank
SVG,DEP,Hypoxia,48 Hours,0.694,Blank
SVG,DEP,Hypoxia,48 Hours,0.713,Blank
SVG,DEP,Hypoxia,48 Hours,0.712,Blank
SVG,DEP,Hypoxia,48 Hours,0.724,Blank
SVG,DEP,Hypoxia,48 Hours,0.759,Blank
SVG,DEP,Hypoxia,48 Hours,0.777,20 ug/ml
SVG,DEP,Hypoxia,48 Hours,0.726,20 ug/ml
SVG,DEP,Hypoxia,48 Hours,0.703,20 ug/ml
SVG,DEP,Hypoxia,48 Hours,0.711,20 ug/ml
SVG,DEP,Hypoxia,48 Hours,0.714,20 ug/ml
SVG,DEP,Hypoxia,48 Hours,0.715,20 ug/ml
SVG,DEP,Hypoxia,48 Hours,0.716,20 ug/ml
SVG,DEP,Hypoxia,48 Hours,0.754,20 ug/ml
SVG,DEP,Hypoxia,48 Hours,0.78,20 ug/ml
SVG,DEP,Hypoxia,48 Hours,0.736,20 ug/ml
SVG,DEP,Hypoxia,48 Hours,0.707,20 ug/ml
SVG,DEP,Hypoxia,48 Hours,0.728,20 ug/ml
SVG,DEP,Hypoxia,48 Hours,0.734,20 ug/ml
SVG,DEP,Hypoxia,48 Hours,0.732,20 ug/ml
SVG,DEP,Hypoxia,48 Hours,0.745,20 ug/ml
SVG,DEP,Hypoxia,48 Hours,0.771,20 ug/ml
SVG,DEP,Hypoxia,48 Hours,0.805,50 ug/ml
SVG,DEP,Hypoxia,48 Hours,0.746,50 ug/ml
SVG,DEP,Hypoxia,48 Hours,0.718,50 ug/ml
SVG,DEP,Hypoxia,48 Hours,0.717,50 ug/ml
SVG,DEP,Hypoxia,48 Hours,0.732,50 ug/ml
SVG,DEP,Hypoxia,48 Hours,0.738,50 ug/ml
SVG,DEP,Hypoxia,48 Hours,0.731,50 ug/ml
SVG,DEP,Hypoxia,48 Hours,0.779,50 ug/ml
SVG,DEP,Hypoxia,48 Hours,0.817,50 ug/ml
SVG,DEP,Hypoxia,48 Hours,0.761,50 ug/ml
SVG,DEP,Hypoxia,48 Hours,0.741,50 ug/ml
SVG,DEP,Hypoxia,48 Hours,0.734,50 ug/ml
SVG,DEP,Hypoxia,48 Hours,0.738,50 ug/ml
SVG,DEP,Hypoxia,48 Hours,0.735,50 ug/ml
SVG,DEP,Hypoxia,48 Hours,0.744,50 ug/ml
SVG,DEP,Hypoxia,48 Hours,0.799,50 ug/ml
SVG,DEP,Hypoxia,48 Hours,0.817,100 ug/ml
SVG,DEP,Hypoxia,48 Hours,0.764,100 ug/ml
SVG,DEP,Hypoxia,48 Hours,0.762,100 ug/ml
SVG,DEP,Hypoxia,48 Hours,0.739,100 ug/ml
SVG,DEP,Hypoxia,48 Hours,0.747,100 ug/ml
SVG,DEP,Hypoxia,48 Hours,0.738,100 ug/ml
SVG,DEP,Hypoxia,48 Hours,0.754,100 ug/ml
SVG,DEP,Hypoxia,48 Hours,0.797,100 ug/ml
SVG,DEP,Hypoxia,48 Hours,0.816,100 ug/ml
SVG,DEP,Hypoxia,48 Hours,0.758,100 ug/ml
SVG,DEP,Hypoxia,48 Hours,0.757,100 ug/ml
SVG,DEP,Hypoxia,48 Hours,0.759,100 ug/ml
SVG,DEP,Hypoxia,48 Hours,0.765,100 ug/ml
SVG,DEP,Hypoxia,48 Hours,0.756,100 ug/ml
SVG,DEP,Hypoxia,48 Hours,0.776,100 ug/ml
SVG,DEP,Hypoxia,48 Hours,0.82,100 ug/ml
SVG,DEP,Hypoxia,48 Hours,0.818,Blank
SVG,DEP,Hypoxia,48 Hours,0.772,Blank
SVG,DEP,Hypoxia,48 Hours,0.779,Blank
SVG,DEP,Hypoxia,48 Hours,0.789,Blank
SVG,DEP,Hypoxia,48 Hours,0.805,Blank
SVG,DEP,Hypoxia,48 Hours,0.801,Blank
SVG,DEP,Hypoxia,48 Hours,0.827,Blank
SVG,DEP,Hypoxia,48 Hours,0.881,Blank
SVG,DEP,Hypoxia,48 Hours,0.826,Blank
SVG,DEP,Hypoxia,48 Hours,0.782,Blank
SVG,DEP,Hypoxia,48 Hours,0.772,Blank
SVG,DEP,Hypoxia,48 Hours,0.776,Blank
SVG,DEP,Hypoxia,48 Hours,0.802,Blank
SVG,DEP,Hypoxia,48 Hours,0.811,Blank
SVG,DEP,Hypoxia,48 Hours,0.828,Blank
SVG,DEP,Hypoxia,48 Hours,0.866,Blank
SVG,DEP,Hypoxia,48 Hours,0.853,20 ug/ml
SVG,DEP,Hypoxia,48 Hours,0.805,20 ug/ml
SVG,DEP,Hypoxia,48 Hours,0.782,20 ug/ml
SVG,DEP,Hypoxia,48 Hours,0.793,20 ug/ml
SVG,DEP,Hypoxia,48 Hours,0.791,20 ug/ml
SVG,DEP,Hypoxia,48 Hours,0.819,20 ug/ml
SVG,DEP,Hypoxia,48 Hours,0.845,20 ug/ml
SVG,DEP,Hypoxia,48 Hours,0.882,20 ug/ml
SVG,DEP,Hypoxia,48 Hours,0.841,20 ug/ml
SVG,DEP,Hypoxia,48 Hours,0.796,20 ug/ml
SVG,DEP,Hypoxia,48 Hours,0.769,20 ug/ml
SVG,DEP,Hypoxia,48 Hours,0.802,20 ug/ml
SVG,DEP,Hypoxia,48 Hours,0.821,20 ug/ml
SVG,DEP,Hypoxia,48 Hours,0.819,20 ug/ml
SVG,DEP,Hypoxia,48 Hours,0.822,20 ug/ml
SVG,DEP,Hypoxia,48 Hours,0.881,20 ug/ml
SVG,DEP,Hypoxia,48 Hours,0.839,50 ug/ml
SVG,DEP,Hypoxia,48 Hours,0.802,50 ug/ml
SVG,DEP,Hypoxia,48 Hours,0.811,50 ug/ml
SVG,DEP,Hypoxia,48 Hours,0.803,50 ug/ml
SVG,DEP,Hypoxia,48 Hours,0.813,50 ug/ml
SVG,DEP,Hypoxia,48 Hours,0.81,50 ug/ml
SVG,DEP,Hypoxia,48 Hours,0.837,50 ug/ml
SVG,DEP,Hypoxia,48 Hours,0.903,50 ug/ml
SVG,DEP,Hypoxia,48 Hours,0.845,50 ug/ml
SVG,DEP,Hypoxia,48 Hours,0.795,50 ug/ml
SVG,DEP,Hypoxia,48 Hours,0.787,50 ug/ml
SVG,DEP,Hypoxia,48 Hours,0.779,50 ug/ml
SVG,DEP,Hypoxia,48 Hours,0.798,50 ug/ml
SVG,DEP,Hypoxia,48 Hours,0.793,50 ug/ml
SVG,DEP,Hypoxia,48 Hours,0.828,50 ug/ml
SVG,DEP,Hypoxia,48 Hours,0.914,50 ug/ml
SVG,DEP,Hypoxia,48 Hours,0.898,100 ug/ml
SVG,DEP,Hypoxia,48 Hours,0.859,100 ug/ml
SVG,DEP,Hypoxia,48 Hours,0.841,100 ug/ml
SVG,DEP,Hypoxia,48 Hours,0.847,100 ug/ml
SVG,DEP,Hypoxia,48 Hours,0.834,100 ug/ml
SVG,DEP,Hypoxia,48 Hours,0.851,100 ug/ml
SVG,DEP,Hypoxia,48 Hours,0.877,100 ug/ml
SVG,DEP,Hypoxia,48 Hours,0.937,100 ug/ml
SVG,DEP,Hypoxia,48 Hours,0.897,100 ug/ml
SVG,DEP,Hypoxia,48 Hours,0.842,100 ug/ml
SVG,DEP,Hypoxia,48 Hours,0.835,100 ug/ml
SVG,DEP,Hypoxia,48 Hours,0.835,100 ug/ml
SVG,DEP,Hypoxia,48 Hours,0.835,100 ug/ml
SVG,DEP,Hypoxia,48 Hours,0.843,100 ug/ml
SVG,DEP,Hypoxia,48 Hours,0.853,100 ug/ml
SVG,DEP,Hypoxia,48 Hours,0.932,100 ug/ml
SVG,Ox66,Normoxia,48 Hours,0.703,Blank
SVG,Ox66,Normoxia,48 Hours,0.675,Blank
SVG,Ox66,Normoxia,48 Hours,0.674,Blank
SVG,Ox66,Normoxia,48 Hours,0.665,Blank
SVG,Ox66,Normoxia,48 Hours,0.668,Blank
SVG,Ox66,Normoxia,48 Hours,0.672,Blank
SVG,Ox66,Normoxia,48 Hours,0.674,Blank
SVG,Ox66,Normoxia,48 Hours,0.73,Blank
SVG,Ox66,Normoxia,48 Hours,0.703,Blank
SVG,Ox66,Normoxia,48 Hours,0.683,Blank
SVG,Ox66,Normoxia,48 Hours,0.672,Blank
SVG,Ox66,Normoxia,48 Hours,0.666,Blank
SVG,Ox66,Normoxia,48 Hours,0.667,Blank
SVG,Ox66,Normoxia,48 Hours,0.659,Blank
SVG,Ox66,Normoxia,48 Hours,0.674,Blank
SVG,Ox66,Normoxia,48 Hours,0.707,Blank
SVG,Ox66,Normoxia,48 Hours,0.761,50 ppm
SVG,Ox66,Normoxia,48 Hours,0.73,50 ppm
SVG,Ox66,Normoxia,48 Hours,0.726,50 ppm
SVG,Ox66,Normoxia,48 Hours,0.718,50 ppm
SVG,Ox66,Normoxia,48 Hours,0.728,50 ppm
SVG,Ox66,Normoxia,48 Hours,0.744,50 ppm
SVG,Ox66,Normoxia,48 Hours,0.748,50 ppm
SVG,Ox66,Normoxia,48 Hours,0.806,50 ppm
SVG,Ox66,Normoxia,48 Hours,0.734,50 ppm
SVG,Ox66,Normoxia,48 Hours,0.723,50 ppm
SVG,Ox66,Normoxia,48 Hours,0.696,50 ppm
SVG,Ox66,Normoxia,48 Hours,0.691,50 ppm
SVG,Ox66,Normoxia,48 Hours,0.705,50 ppm
SVG,Ox66,Normoxia,48 Hours,0.704,50 ppm
SVG,Ox66,Normoxia,48 Hours,0.699,50 ppm
SVG,Ox66,Normoxia,48 Hours,0.758,50 ppm
SVG,Ox66,Normoxia,48 Hours,0.76,100 ppm
SVG,Ox66,Normoxia,48 Hours,0.715,100 ppm
SVG,Ox66,Normoxia,48 Hours,0.715,100 ppm
SVG,Ox66,Normoxia,48 Hours,0.721,100 ppm
SVG,Ox66,Normoxia,48 Hours,0.725,100 ppm
SVG,Ox66,Normoxia,48 Hours,0.732,100 ppm
SVG,Ox66,Normoxia,48 Hours,0.744,100 ppm
SVG,Ox66,Normoxia,48 Hours,0.778,100 ppm
SVG,Ox66,Normoxia,48 Hours,0.754,100 ppm
SVG,Ox66,Normoxia,48 Hours,0.722,100 ppm
SVG,Ox66,Normoxia,48 Hours,0.716,100 ppm
SVG,Ox66,Normoxia,48 Hours,0.706,100 ppm
SVG,Ox66,Normoxia,48 Hours,0.698,100 ppm
SVG,Ox66,Normoxia,48 Hours,0.716,100 ppm
SVG,Ox66,Normoxia,48 Hours,0.714,100 ppm
SVG,Ox66,Normoxia,48 Hours,0.766,100 ppm
SVG,Ox66,Normoxia,48 Hours,0.724,200 ppm
SVG,Ox66,Normoxia,48 Hours,0.729,200 ppm
SVG,Ox66,Normoxia,48 Hours,0.703,200 ppm
SVG,Ox66,Normoxia,48 Hours,0.707,200 ppm
SVG,Ox66,Normoxia,48 Hours,0.683,200 ppm
SVG,Ox66,Normoxia,48 Hours,0.716,200 ppm
SVG,Ox66,Normoxia,48 Hours,0.71,200 ppm
SVG,Ox66,Normoxia,48 Hours,0.764,200 ppm
SVG,Ox66,Normoxia,48 Hours,0.757,200 ppm
SVG,Ox66,Normoxia,48 Hours,0.728,200 ppm
SVG,Ox66,Normoxia,48 Hours,0.717,200 ppm
SVG,Ox66,Normoxia,48 Hours,0.731,200 ppm
SVG,Ox66,Normoxia,48 Hours,0.716,200 ppm
SVG,Ox66,Normoxia,48 Hours,0.728,200 ppm
SVG,Ox66,Normoxia,48 Hours,0.742,200 ppm
SVG,Ox66,Normoxia,48 Hours,0.79,200 ppm
SVG,Ox66,Normoxia,48 Hours,0.738,Blank
SVG,Ox66,Normoxia,48 Hours,0.708,Blank
SVG,Ox66,Normoxia,48 Hours,0.699,Blank
SVG,Ox66,Normoxia,48 Hours,0.682,Blank
SVG,Ox66,Normoxia,48 Hours,0.69,Blank
SVG,Ox66,Normoxia,48 Hours,0.713,Blank
SVG,Ox66,Normoxia,48 Hours,0.721,Blank
SVG,Ox66,Normoxia,48 Hours,0.768,Blank
SVG,Ox66,Normoxia,48 Hours,0.752,Blank
SVG,Ox66,Normoxia,48 Hours,0.709,Blank
SVG,Ox66,Normoxia,48 Hours,0.689,Blank
SVG,Ox66,Normoxia,48 Hours,0.701,Blank
SVG,Ox66,Normoxia,48 Hours,0.683,Blank
SVG,Ox66,Normoxia,48 Hours,0.696,Blank
SVG,Ox66,Normoxia,48 Hours,0.706,Blank
SVG,Ox66,Normoxia,48 Hours,0.751,Blank
SVG,Ox66,Normoxia,48 Hours,0.763,50 ppm
SVG,Ox66,Normoxia,48 Hours,0.72,50 ppm
SVG,Ox66,Normoxia,48 Hours,0.711,50 ppm
SVG,Ox66,Normoxia,48 Hours,0.696,50 ppm
SVG,Ox66,Normoxia,48 Hours,0.712,50 ppm
SVG,Ox66,Normoxia,48 Hours,0.729,50 ppm
SVG,Ox66,Normoxia,48 Hours,0.766,50 ppm
SVG,Ox66,Normoxia,48 Hours,0.805,50 ppm
SVG,Ox66,Normoxia,48 Hours,0.821,50 ppm
SVG,Ox66,Normoxia,48 Hours,0.766,50 ppm
SVG,Ox66,Normoxia,48 Hours,0.763,50 ppm
SVG,Ox66,Normoxia,48 Hours,0.734,50 ppm
SVG,Ox66,Normoxia,48 Hours,0.746,50 ppm
SVG,Ox66,Normoxia,48 Hours,0.751,50 ppm
SVG,Ox66,Normoxia,48 Hours,0.785,50 ppm
SVG,Ox66,Normoxia,48 Hours,0.835,50 ppm
SVG,Ox66,Normoxia,48 Hours,0.755,100 ppm
SVG,Ox66,Normoxia,48 Hours,0.732,100 ppm
SVG,Ox66,Normoxia,48 Hours,0.708,100 ppm
SVG,Ox66,Normoxia,48 Hours,0.726,100 ppm
SVG,Ox66,Normoxia,48 Hours,0.724,100 ppm
SVG,Ox66,Normoxia,48 Hours,0.734,100 ppm
SVG,Ox66,Normoxia,48 Hours,0.767,100 ppm
SVG,Ox66,Normoxia,48 Hours,0.833,100 ppm
SVG,Ox66,Normoxia,48 Hours,0.821,100 ppm
SVG,Ox66,Normoxia,48 Hours,0.767,100 ppm
SVG,Ox66,Normoxia,48 Hours,0.756,100 ppm
SVG,Ox66,Normoxia,48 Hours,0.749,100 ppm
SVG,Ox66,Normoxia,48 Hours,0.739,100 ppm
SVG,Ox66,Normoxia,48 Hours,0.756,100 ppm
SVG,Ox66,Normoxia,48 Hours,0.76,100 ppm
SVG,Ox66,Normoxia,48 Hours,0.798,100 ppm
SVG,Ox66,Normoxia,48 Hours,0.805,200 ppm
SVG,Ox66,Normoxia,48 Hours,0.759,200 ppm
SVG,Ox66,Normoxia,48 Hours,0.726,200 ppm
SVG,Ox66,Normoxia,48 Hours,0.751,200 ppm
SVG,Ox66,Normoxia,48 Hours,0.749,200 ppm
SVG,Ox66,Normoxia,48 Hours,0.755,200 ppm
SVG,Ox66,Normoxia,48 Hours,0.775,200 ppm
SVG,Ox66,Normoxia,48 Hours,0.805,200 ppm
SVG,Ox66,Normoxia,48 Hours,0.81,200 ppm
SVG,Ox66,Normoxia,48 Hours,0.772,200 ppm
SVG,Ox66,Normoxia,48 Hours,0.751,200 ppm
SVG,Ox66,Normoxia,48 Hours,0.76,200 ppm
SVG,Ox66,Normoxia,48 Hours,0.756,200 ppm
SVG,Ox66,Normoxia,48 Hours,0.762,200 ppm
SVG,Ox66,Normoxia,48 Hours,0.766,200 ppm
SVG,Ox66,Normoxia,48 Hours,0.803,200 ppm
SVG,Ox66,Hypoxia,48 Hours,0.938,Blank
SVG,Ox66,Hypoxia,48 Hours,0.888,Blank
SVG,Ox66,Hypoxia,48 Hours,0.881,Blank
SVG,Ox66,Hypoxia,48 Hours,0.868,Blank
SVG,Ox66,Hypoxia,48 Hours,0.877,Blank
SVG,Ox66,Hypoxia,48 Hours,0.897,Blank
SVG,Ox66,Hypoxia,48 Hours,0.945,Blank
SVG,Ox66,Hypoxia,48 Hours,1.043,Blank
SVG,Ox66,Hypoxia,48 Hours,0.988,Blank
SVG,Ox66,Hypoxia,48 Hours,0.911,Blank
SVG,Ox66,Hypoxia,48 Hours,0.906,Blank
SVG,Ox66,Hypoxia,48 Hours,0.889,Blank
SVG,Ox66,Hypoxia,48 Hours,0.908,Blank
SVG,Ox66,Hypoxia,48 Hours,0.929,Blank
SVG,Ox66,Hypoxia,48 Hours,0.968,Blank
SVG,Ox66,Hypoxia,48 Hours,1.094,Blank
SVG,Ox66,Hypoxia,48 Hours,1.035,50 ppm
SVG,Ox66,Hypoxia,48 Hours,0.957,50 ppm
SVG,Ox66,Hypoxia,48 Hours,0.962,50 ppm
SVG,Ox66,Hypoxia,48 Hours,0.971,50 ppm
SVG,Ox66,Hypoxia,48 Hours,0.974,50 ppm
SVG,Ox66,Hypoxia,48 Hours,0.947,50 ppm
SVG,Ox66,Hypoxia,48 Hours,1.003,50 ppm
SVG,Ox66,Hypoxia,48 Hours,1.122,50 ppm
SVG,Ox66,Hypoxia,48 Hours,1.024,50 ppm
SVG,Ox66,Hypoxia,48 Hours,0.984,50 ppm
SVG,Ox66,Hypoxia,48 Hours,0.98,50 ppm
SVG,Ox66,Hypoxia,48 Hours,0.945,50 ppm
SVG,Ox66,Hypoxia,48 Hours,0.977,50 ppm
SVG,Ox66,Hypoxia,48 Hours,1.004,50 ppm
SVG,Ox66,Hypoxia,48 Hours,1.026,50 ppm
SVG,Ox66,Hypoxia,48 Hours,1.144,50 ppm
SVG,Ox66,Hypoxia,48 Hours,1.051,100 ppm
SVG,Ox66,Hypoxia,48 Hours,0.99,100 ppm
SVG,Ox66,Hypoxia,48 Hours,0.969,100 ppm
SVG,Ox66,Hypoxia,48 Hours,0.988,100 ppm
SVG,Ox66,Hypoxia,48 Hours,0.989,100 ppm
SVG,Ox66,Hypoxia,48 Hours,1.013,100 ppm
SVG,Ox66,Hypoxia,48 Hours,1.072,100 ppm
SVG,Ox66,Hypoxia,48 Hours,1.156,100 ppm
SVG,Ox66,Hypoxia,48 Hours,1.075,100 ppm
SVG,Ox66,Hypoxia,48 Hours,1.012,100 ppm
SVG,Ox66,Hypoxia,48 Hours,0.993,100 ppm
SVG,Ox66,Hypoxia,48 Hours,0.993,100 ppm
SVG,Ox66,Hypoxia,48 Hours,1.025,100 ppm
SVG,Ox66,Hypoxia,48 Hours,1.03,100 ppm
SVG,Ox66,Hypoxia,48 Hours,1.054,100 ppm
SVG,Ox66,Hypoxia,48 Hours,1.155,100 ppm
SVG,Ox66,Hypoxia,48 Hours,1.0,200 ppm
SVG,Ox66,Hypoxia,48 Hours,0.97,200 ppm
SVG,Ox66,Hypoxia,48 Hours,0.93,200 ppm
SVG,Ox66,Hypoxia,48 Hours,0.962,200 ppm
SVG,Ox66,Hypoxia,48 Hours,0.96,200 ppm
SVG,Ox66,Hypoxia,48 Hours,0.96,200 ppm
SVG,Ox66,Hypoxia,48 Hours,1.036,200 ppm
SVG,Ox66,Hypoxia,48 Hours,1.107,200 ppm
SVG,Ox66,Hypoxia,48 Hours,1.043,200 ppm
SVG,Ox66,Hypoxia,48 Hours,0.981,200 ppm
SVG,Ox66,Hypoxia,48 Hours,0.978,200 ppm
SVG,Ox66,Hypoxia,48 Hours,0.964,200 ppm
SVG,Ox66,Hypoxia,48 Hours,0.983,200 ppm
SVG,Ox66,Hypoxia,48 Hours,1.005,200 ppm
SVG,Ox66,Hypoxia,48 Hours,1.049,200 ppm
SVG,Ox66,Hypoxia,48 Hours,1.164,200 ppm
SVG,Ox66,Hypoxia,48 Hours,0.991,Blank
SVG,Ox66,Hypoxia,48 Hours,0.952,Blank
SVG,Ox66,Hypoxia,48 Hours,0.921,Blank
SVG,Ox66,Hypoxia,48 Hours,0.935,Blank
SVG,Ox66,Hypoxia,48 Hours,0.94,Blank
SVG,Ox66,Hypoxia,48 Hours,0.95,Blank
SVG,Ox66,Hypoxia,48 Hours,0.995,Blank
SVG,Ox66,Hypoxia,48 Hours,1.091,Blank
SVG,Ox66,Hypoxia,48 Hours,1.022,Blank
SVG,Ox66,Hypoxia,48 Hours,0.957,Blank
SVG,Ox66,Hypoxia,48 Hours,0.955,Blank
SVG,Ox66,Hypoxia,48 Hours,0.95,Blank
SVG,Ox66,Hypoxia,48 Hours,0.948,Blank
SVG,Ox66,Hypoxia,48 Hours,0.991,Blank
SVG,Ox66,Hypoxia,48 Hours,1.021,Blank
SVG,Ox66,Hypoxia,48 Hours,1.131,Blank
SVG,Ox66,Hypoxia,48 Hours,1.113,50 ppm
SVG,Ox66,Hypoxia,48 Hours,1.04,50 ppm
SVG,Ox66,Hypoxia,48 Hours,1.039,50 ppm
SVG,Ox66,Hypoxia,48 Hours,1.014,50 ppm
SVG,Ox66,Hypoxia,48 Hours,1.053,50 ppm
SVG,Ox66,Hypoxia,48 Hours,1.077,50 ppm
SVG,Ox66,Hypoxia,48 Hours,1.133,50 ppm
SVG,Ox66,Hypoxia,48 Hours,1.293,50 ppm
SVG,Ox66,Hypoxia,48 Hours,1.101,50 ppm
SVG,Ox66,Hypoxia,48 Hours,1.031,50 ppm
SVG,Ox66,Hypoxia,48 Hours,1.036,50 ppm
SVG,Ox66,Hypoxia,48 Hours,1.017,50 ppm
SVG,Ox66,Hypoxia,48 Hours,1.023,50 ppm
SVG,Ox66,Hypoxia,48 Hours,1.069,50 ppm
SVG,Ox66,Hypoxia,48 Hours,1.107,50 ppm
SVG,Ox66,Hypoxia,48 Hours,1.229,50 ppm
SVG,Ox66,Hypoxia,48 Hours,1.12,100 ppm
SVG,Ox66,Hypoxia,48 Hours,1.063,100 ppm
SVG,Ox66,Hypoxia,48 Hours,1.068,100 ppm
SVG,Ox66,Hypoxia,48 Hours,1.044,100 ppm
SVG,Ox66,Hypoxia,48 Hours,1.051,100 ppm
SVG,Ox66,Hypoxia,48 Hours,1.067,100 ppm
SVG,Ox66,Hypoxia,48 Hours,1.113,100 ppm
SVG,Ox66,Hypoxia,48 Hours,1.257,100 ppm
SVG,Ox66,Hypoxia,48 Hours,1.113,100 ppm
SVG,Ox66,Hypoxia,48 Hours,1.041,100 ppm
SVG,Ox66,Hypoxia,48 Hours,1.051,100 ppm
SVG,Ox66,Hypoxia,48 Hours,1.054,100 ppm
SVG,Ox66,Hypoxia,48 Hours,1.058,100 ppm
SVG,Ox66,Hypoxia,48 Hours,1.082,100 ppm
SVG,Ox66,Hypoxia,48 Hours,1.14,100 ppm
SVG,Ox66,Hypoxia,48 Hours,1.264,100 ppm
SVG,Ox66,Hypoxia,48 Hours,1.105,200 ppm
SVG,Ox66,Hypoxia,48 Hours,1.058,200 ppm
SVG,Ox66,Hypoxia,48 Hours,1.018,200 ppm
SVG,Ox66,Hypoxia,48 Hours,1.046,200 ppm
SVG,Ox66,Hypoxia,48 Hours,1.072,200 ppm
SVG,Ox66,Hypoxia,48 Hours,1.097,200 ppm
SVG,Ox66,Hypoxia,48 Hours,1.143,200 ppm
SVG,Ox66,Hypoxia,48 Hours,1.251,200 ppm
SVG,Ox66,Hypoxia,48 Hours,1.132,200 ppm
SVG,Ox66,Hypoxia,48 Hours,1.101,200 ppm
SVG,Ox66,Hypoxia,48 Hours,1.077,200 ppm
SVG,Ox66,Hypoxia,48 Hours,1.074,200 ppm
SVG,Ox66,Hypoxia,48 Hours,1.021,200 ppm
SVG,Ox66,Hypoxia,48 Hours,1.079,200 ppm
SVG,Ox66,Hypoxia,48 Hours,1.188,200 ppm
SVG,Ox66,Hypoxia,48 Hours,1.336,200 ppm
SVG,Ox66,Hypoxia,48 Hours,1.14,Blank
SVG,Ox66,Hypoxia,48 Hours,1.041,Blank
SVG,Ox66,Hypoxia,48 Hours,1.038,Blank
SVG,Ox66,Hypoxia,48 Hours,1.029,Blank
SVG,Ox66,Hypoxia,48 Hours,1.033,Blank
SVG,Ox66,Hypoxia,48 Hours,1.043,Blank
SVG,Ox66,Hypoxia,48 Hours,1.073,Blank
SVG,Ox66,Hypoxia,48 Hours,1.097,Blank
SVG,Ox66,Hypoxia,48 Hours,1.108,Blank
SVG,Ox66,Hypoxia,48 Hours,1.02,Blank
SVG,Ox66,Hypoxia,48 Hours,1.003,Blank
SVG,Ox66,Hypoxia,48 Hours,0.999,Blank
SVG,Ox66,Hypoxia,48 Hours,1.01,Blank
SVG,Ox66,Hypoxia,48 Hours,1.03,Blank
SVG,Ox66,Hypoxia,48 Hours,1.1,Blank
SVG,Ox66,Hypoxia,48 Hours,1.147,Blank
SVG,Ox66,Hypoxia,48 Hours,1.166,50 ppm
SVG,Ox66,Hypoxia,48 Hours,1.096,50 ppm
SVG,Ox66,Hypoxia,48 Hours,1.069,50 ppm
SVG,Ox66,Hypoxia,48 Hours,1.077,50 ppm
SVG,Ox66,Hypoxia,48 Hours,1.021,50 ppm
SVG,Ox66,Hypoxia,48 Hours,1.106,50 ppm
SVG,Ox66,Hypoxia,48 Hours,1.164,50 ppm
SVG,Ox66,Hypoxia,48 Hours,1.301,50 ppm
SVG,Ox66,Hypoxia,48 Hours,1.246,50 ppm
SVG,Ox66,Hypoxia,48 Hours,1.174,50 ppm
SVG,Ox66,Hypoxia,48 Hours,1.134,50 ppm
SVG,Ox66,Hypoxia,48 Hours,1.095,50 ppm
SVG,Ox66,Hypoxia,48 Hours,1.133,50 ppm
SVG,Ox66,Hypoxia,48 Hours,1.134,50 ppm
SVG,Ox66,Hypoxia,48 Hours,1.176,50 ppm
SVG,Ox66,Hypoxia,48 Hours,1.266,50 ppm
SVG,Ox66,Hypoxia,48 Hours,1.185,100 ppm
SVG,Ox66,Hypoxia,48 Hours,1.14,100 ppm
SVG,Ox66,Hypoxia,48 Hours,1.114,100 ppm
SVG,Ox66,Hypoxia,48 Hours,1.051,100 ppm
SVG,Ox66,Hypoxia,48 Hours,1.035,100 ppm
SVG,Ox66,Hypoxia,48 Hours,1.131,100 ppm
SVG,Ox66,Hypoxia,48 Hours,1.138,100 ppm
SVG,Ox66,Hypoxia,48 Hours,1.289,100 ppm
SVG,Ox66,Hypoxia,48 Hours,1.241,100 ppm
SVG,Ox66,Hypoxia,48 Hours,1.157,100 ppm
SVG,Ox66,Hypoxia,48 Hours,1.12,100 ppm
SVG,Ox66,Hypoxia,48 Hours,1.099,100 ppm
SVG,Ox66,Hypoxia,48 Hours,1.14,100 ppm
SVG,Ox66,Hypoxia,48 Hours,1.125,100 ppm
SVG,Ox66,Hypoxia,48 Hours,1.196,100 ppm
SVG,Ox66,Hypoxia,48 Hours,1.287,100 ppm
SVG,Ox66,Hypoxia,48 Hours,1.264,200 ppm
SVG,Ox66,Hypoxia,48 Hours,1.139,200 ppm
SVG,Ox66,Hypoxia,48 Hours,1.146,200 ppm
SVG,Ox66,Hypoxia,48 Hours,1.115,200 ppm
SVG,Ox66,Hypoxia,48 Hours,1.12,200 ppm
SVG,Ox66,Hypoxia,48 Hours,1.144,200 ppm
SVG,Ox66,Hypoxia,48 Hours,1.193,200 ppm
SVG,Ox66,Hypoxia,48 Hours,1.312,200 ppm
SVG,Ox66,Hypoxia,48 Hours,1.224,200 ppm
SVG,Ox66,Hypoxia,48 Hours,1.135,200 ppm
SVG,Ox66,Hypoxia,48 Hours,1.119,200 ppm
SVG,Ox66,Hypoxia,48 Hours,1.111,200 ppm
SVG,Ox66,Hypoxia,48 Hours,1.127,200 ppm
SVG,Ox66,Hypoxia,48 Hours,1.116,200 ppm
SVG,Ox66,Hypoxia,48 Hours,1.148,200 ppm
SVG,Ox66,Hypoxia,48 Hours,1.246,200 ppm
SVG,DEP,Normoxia,24 Hours,0.524,Blank
SVG,DEP,Normoxia,24 Hours,0.498,Blank
SVG,DEP,Normoxia,24 Hours,0.504,Blank
SVG,DEP,Normoxia,24 Hours,0.491,Blank
SVG,DEP,Normoxia,24 Hours,0.498,Blank
SVG,DEP,Normoxia,24 Hours,0.51,Blank
SVG,DEP,Normoxia,24 Hours,0.518,Blank
SVG,DEP,Normoxia,24 Hours,0.555,Blank
SVG,DEP,Normoxia,24 Hours,0.507,Blank
SVG,DEP,Normoxia,24 Hours,0.469,Blank
SVG,DEP,Normoxia,24 Hours,0.461,Blank
SVG,DEP,Normoxia,24 Hours,0.476,Blank
SVG,DEP,Normoxia,24 Hours,0.478,Blank
SVG,DEP,Normoxia,24 Hours,0.486,Blank
SVG,DEP,Normoxia,24 Hours,0.501,Blank
SVG,DEP,Normoxia,24 Hours,0.55,Blank
SVG,DEP,Normoxia,24 Hours,0.494,20 ug/ml
SVG,DEP,Normoxia,24 Hours,0.471,20 ug/ml
SVG,DEP,Normoxia,24 Hours,0.467,20 ug/ml
SVG,DEP,Normoxia,24 Hours,0.479,20 ug/ml
SVG,DEP,Normoxia,24 Hours,0.475,20 ug/ml
SVG,DEP,Normoxia,24 Hours,0.483,20 ug/ml
SVG,DEP,Normoxia,24 Hours,0.497,20 ug/ml
SVG,DEP,Normoxia,24 Hours,0.54,20 ug/ml
SVG,DEP,Normoxia,24 Hours,0.519,20 ug/ml
SVG,DEP,Normoxia,24 Hours,0.503,20 ug/ml
SVG,DEP,Normoxia,24 Hours,0.495,20 ug/ml
SVG,DEP,Normoxia,24 Hours,0.504,20 ug/ml
SVG,DEP,Normoxia,24 Hours,0.5,20 ug/ml
SVG,DEP,Normoxia,24 Hours,0.492,20 ug/ml
SVG,DEP,Normoxia,24 Hours,0.511,20 ug/ml
SVG,DEP,Normoxia,24 Hours,0.553,20 ug/ml
SVG,DEP,Normoxia,24 Hours,0.53,50 ug/ml
SVG,DEP,Normoxia,24 Hours,0.498,50 ug/ml
SVG,DEP,Normoxia,24 Hours,0.485,50 ug/ml
SVG,DEP,Normoxia,24 Hours,0.492,50 ug/ml
SVG,DEP,Normoxia,24 Hours,0.49,50 ug/ml
SVG,DEP,Normoxia,24 Hours,0.502,50 ug/ml
SVG,DEP,Normoxia,24 Hours,0.515,50 ug/ml
SVG,DEP,Normoxia,24 Hours,0.563,50 ug/ml
SVG,DEP,Normoxia,24 Hours,0.513,50 ug/ml
SVG,DEP,Normoxia,24 Hours,0.481,50 ug/ml
SVG,DEP,Normoxia,24 Hours,0.477,50 ug/ml
SVG,DEP,Normoxia,24 Hours,0.477,50 ug/ml
SVG,DEP,Normoxia,24 Hours,0.484,50 ug/ml
SVG,DEP,Normoxia,24 Hours,0.49,50 ug/ml
SVG,DEP,Normoxia,24 Hours,0.509,50 ug/ml
SVG,DEP,Normoxia,24 Hours,0.555,50 ug/ml
SVG,DEP,Normoxia,24 Hours,0.529,100 ug/ml
SVG,DEP,Normoxia,24 Hours,0.502,100 ug/ml
SVG,DEP,Normoxia,24 Hours,0.493,100 ug/ml
SVG,DEP,Normoxia,24 Hours,0.503,100 ug/ml
SVG,DEP,Normoxia,24 Hours,0.504,100 ug/ml
SVG,DEP,Normoxia,24 Hours,0.507,100 ug/ml
SVG,DEP,Normoxia,24 Hours,0.532,100 ug/ml
SVG,DEP,Normoxia,24 Hours,0.577,100 ug/ml
SVG,DEP,Normoxia,24 Hours,0.513,100 ug/ml
SVG,DEP,Normoxia,24 Hours,0.471,100 ug/ml
SVG,DEP,Normoxia,24 Hours,0.473,100 ug/ml
SVG,DEP,Normoxia,24 Hours,0.476,100 ug/ml
SVG,DEP,Normoxia,24 Hours,0.484,100 ug/ml
SVG,DEP,Normoxia,24 Hours,0.483,100 ug/ml
SVG,DEP,Normoxia,24 Hours,0.509,100 ug/ml
SVG,DEP,Normoxia,24 Hours,0.557,100 ug/ml
SVG,DEP,Normoxia,24 Hours,0.498,Blank
SVG,DEP,Normoxia,24 Hours,0.457,Blank
SVG,DEP,Normoxia,24 Hours,0.461,Blank
SVG,DEP,Normoxia,24 Hours,0.466,Blank
SVG,DEP,Normoxia,24 Hours,0.471,Blank
SVG,DEP,Normoxia,24 Hours,0.477,Blank
SVG,DEP,Normoxia,24 Hours,0.48,Blank
SVG,DEP,Normoxia,24 Hours,0.539,Blank
SVG,DEP,Normoxia,24 Hours,0.452,Blank
SVG,DEP,Normoxia,24 Hours,0.406,Blank
SVG,DEP,Normoxia,24 Hours,0.403,Blank
SVG,DEP,Normoxia,24 Hours,0.407,Blank
SVG,DEP,Normoxia,24 Hours,0.412,Blank
SVG,DEP,Normoxia,24 Hours,0.421,Blank
SVG,DEP,Normoxia,24 Hours,0.432,Blank
SVG,DEP,Normoxia,24 Hours,0.464,Blank
SVG,DEP,Normoxia,24 Hours,0.497,20 ug/ml
SVG,DEP,Normoxia,24 Hours,0.47,20 ug/ml
SVG,DEP,Normoxia,24 Hours,0.463,20 ug/ml
SVG,DEP,Normoxia,24 Hours,0.469,20 ug/ml
SVG,DEP,Normoxia,24 Hours,0.466,20 ug/ml
SVG,DEP,Normoxia,24 Hours,0.476,20 ug/ml
SVG,DEP,Normoxia,24 Hours,0.484,20 ug/ml
SVG,DEP,Normoxia,24 Hours,0.53,20 ug/ml
SVG,DEP,Normoxia,24 Hours,0.463,20 ug/ml
SVG,DEP,Normoxia,24 Hours,0.439,20 ug/ml
SVG,DEP,Normoxia,24 Hours,0.436,20 ug/ml
SVG,DEP,Normoxia,24 Hours,0.441,20 ug/ml
SVG,DEP,Normoxia,24 Hours,0.442,20 ug/ml
SVG,DEP,Normoxia,24 Hours,0.443,20 ug/ml
SVG,DEP,Normoxia,24 Hours,0.462,20 ug/ml
SVG,DEP,Normoxia,24 Hours,0.507,20 ug/ml
SVG,DEP,Normoxia,24 Hours,0.524,50 ug/ml
SVG,DEP,Normoxia,24 Hours,0.501,50 ug/ml
SVG,DEP,Normoxia,24 Hours,0.492,50 ug/ml
SVG,DEP,Normoxia,24 Hours,0.499,50 ug/ml
SVG,DEP,Normoxia,24 Hours,0.508,50 ug/ml
SVG,DEP,Normoxia,24 Hours,0.499,50 ug/ml
SVG,DEP,Normoxia,24 Hours,0.532,50 ug/ml
SVG,DEP,Normoxia,24 Hours,0.568,50 ug/ml
SVG,DEP,Normoxia,24 Hours,0.478,50 ug/ml
SVG,DEP,Normoxia,24 Hours,0.443,50 ug/ml
SVG,DEP,Normoxia,24 Hours,0.443,50 ug/ml
SVG,DEP,Normoxia,24 Hours,0.441,50 ug/ml
SVG,DEP,Normoxia,24 Hours,0.451,50 ug/ml
SVG,DEP,Normoxia,24 Hours,0.457,50 ug/ml
SVG,DEP,Normoxia,24 Hours,0.475,50 ug/ml
SVG,DEP,Normoxia,24 Hours,0.514,50 ug/ml
SVG,DEP,Normoxia,24 Hours,0.529,100 ug/ml
SVG,DEP,Normoxia,24 Hours,0.489,100 ug/ml
SVG,DEP,Normoxia,24 Hours,0.485,100 ug/ml
SVG,DEP,Normoxia,24 Hours,0.489,100 ug/ml
SVG,DEP,Normoxia,24 Hours,0.486,100 ug/ml
SVG,DEP,Normoxia,24 Hours,0.495,100 ug/ml
SVG,DEP,Normoxia,24 Hours,0.517,100 ug/ml
SVG,DEP,Normoxia,24 Hours,0.557,100 ug/ml
SVG,DEP,Normoxia,24 Hours,0.49,100 ug/ml
SVG,DEP,Normoxia,24 Hours,0.456,100 ug/ml
SVG,DEP,Normoxia,24 Hours,0.453,100 ug/ml
SVG,DEP,Normoxia,24 Hours,0.459,100 ug/ml
SVG,DEP,Normoxia,24 Hours,0.469,100 ug/ml
SVG,DEP,Normoxia,24 Hours,0.468,100 ug/ml
SVG,DEP,Normoxia,24 Hours,0.49,100 ug/ml
SVG,DEP,Normoxia,24 Hours,0.497,100 ug/ml
SVG,DEP,Normoxia,24 Hours,0.502,Blank
SVG,DEP,Normoxia,24 Hours,0.474,Blank
SVG,DEP,Normoxia,24 Hours,0.467,Blank
SVG,DEP,Normoxia,24 Hours,0.468,Blank
SVG,DEP,Normoxia,24 Hours,0.481,Blank
SVG,DEP,Normoxia,24 Hours,0.513,Blank
SVG,DEP,Normoxia,24 Hours,0.521,Blank
SVG,DEP,Normoxia,24 Hours,0.559,Blank
SVG,DEP,Normoxia,24 Hours,0.498,Blank
SVG,DEP,Normoxia,24 Hours,0.478,Blank
SVG,DEP,Normoxia,24 Hours,0.47,Blank
SVG,DEP,Normoxia,24 Hours,0.473,Blank
SVG,DEP,Normoxia,24 Hours,0.508,Blank
SVG,DEP,Normoxia,24 Hours,0.512,Blank
SVG,DEP,Normoxia,24 Hours,0.513,Blank
SVG,DEP,Normoxia,24 Hours,0.549,Blank
SVG,DEP,Normoxia,24 Hours,0.498,20 ug/ml
SVG,DEP,Normoxia,24 Hours,0.466,20 ug/ml
SVG,DEP,Normoxia,24 Hours,0.46,20 ug/ml
SVG,DEP,Normoxia,24 Hours,0.479,20 ug/ml
SVG,DEP,Normoxia,24 Hours,0.493,20 ug/ml
SVG,DEP,Normoxia,24 Hours,0.495,20 ug/ml
SVG,DEP,Normoxia,24 Hours,0.502,20 ug/ml
SVG,DEP,Normoxia,24 Hours,0.53,20 ug/ml
SVG,DEP,Normoxia,24 Hours,0.529,20 ug/ml
SVG,DEP,Normoxia,24 Hours,0.491,20 ug/ml
SVG,DEP,Normoxia,24 Hours,0.489,20 ug/ml
SVG,DEP,Normoxia,24 Hours,0.488,20 ug/ml
SVG,DEP,Normoxia,24 Hours,0.492,20 ug/ml
SVG,DEP,Normoxia,24 Hours,0.491,20 ug/ml
SVG,DEP,Normoxia,24 Hours,0.501,20 ug/ml
SVG,DEP,Normoxia,24 Hours,0.539,20 ug/ml
SVG,DEP,Normoxia,24 Hours,0.51,50 ug/ml
SVG,DEP,Normoxia,24 Hours,0.485,50 ug/ml
SVG,DEP,Normoxia,24 Hours,0.479,50 ug/ml
SVG,DEP,Normoxia,24 Hours,0.479,50 ug/ml
SVG,DEP,Normoxia,24 Hours,0.483,50 ug/ml
SVG,DEP,Normoxia,24 Hours,0.472,50 ug/ml
SVG,DEP,Normoxia,24 Hours,0.494,50 ug/ml
SVG,DEP,Normoxia,24 Hours,0.519,50 ug/ml
SVG,DEP,Normoxia,24 Hours,0.523,50 ug/ml
SVG,DEP,Normoxia,24 Hours,0.479,50 ug/ml
SVG,DEP,Normoxia,24 Hours,0.479,50 ug/ml
SVG,DEP,Normoxia,24 Hours,0.477,50 ug/ml
SVG,DEP,Normoxia,24 Hours,0.479,50 ug/ml
SVG,DEP,Normoxia,24 Hours,0.469,50 ug/ml
SVG,DEP,Normoxia,24 Hours,0.487,50 ug/ml
SVG,DEP,Normoxia,24 Hours,0.52,50 ug/ml
SVG,DEP,Normoxia,24 Hours,0.534,100 ug/ml
SVG,DEP,Normoxia,24 Hours,0.5,100 ug/ml
SVG,DEP,Normoxia,24 Hours,0.499,100 ug/ml
SVG,DEP,Normoxia,24 Hours,0.501,100 ug/ml
SVG,DEP,Normoxia,24 Hours,0.505,100 ug/ml
SVG,DEP,Normoxia,24 Hours,0.514,100 ug/ml
SVG,DEP,Normoxia,24 Hours,0.524,100 ug/ml
SVG,DEP,Normoxia,24 Hours,0.569,100 ug/ml
SVG,DEP,Normoxia,24 Hours,0.517,100 ug/ml
SVG,DEP,Normoxia,24 Hours,0.484,100 ug/ml
SVG,DEP,Normoxia,24 Hours,0.488,100 ug/ml
SVG,DEP,Normoxia,24 Hours,0.488,100 ug/ml
SVG,DEP,Normoxia,24 Hours,0.493,100 ug/ml
SVG,DEP,Normoxia,24 Hours,0.51,100 ug/ml
SVG,DEP,Normoxia,24 Hours,0.529,100 ug/ml
SVG,DEP,Normoxia,24 Hours,0.585,100 ug/ml
SVG,DEP,Hypoxia,24 Hours,0.441,Blank
SVG,DEP,Hypoxia,24 Hours,0.421,Blank
SVG,DEP,Hypoxia,24 Hours,0.418,Blank
SVG,DEP,Hypoxia,24 Hours,0.426,Blank
SVG,DEP,Hypoxia,24 Hours,0.421,Blank
SVG,DEP,Hypoxia,24 Hours,0.418,Blank
SVG,DEP,Hypoxia,24 Hours,0.431,Blank
SVG,DEP,Hypoxia,24 Hours,0.457,Blank
SVG,DEP,Hypoxia,24 Hours,0.44,20 ug/ml
SVG,DEP,Hypoxia,24 Hours,0.427,20 ug/ml
SVG,DEP,Hypoxia,24 Hours,0.416,20 ug/ml
SVG,DEP,Hypoxia,24 Hours,0.428,20 ug/ml
SVG,DEP,Hypoxia,24 Hours,0.431,20 ug/ml
SVG,DEP,Hypoxia,24 Hours,0.43,20 ug/ml
SVG,DEP,Hypoxia,24 Hours,0.439,20 ug/ml
SVG,DEP,Hypoxia,24 Hours,0.461,20 ug/ml
SVG,DEP,Hypoxia,24 Hours,0.454,20 ug/ml
SVG,DEP,Hypoxia,24 Hours,0.425,20 ug/ml
SVG,DEP,Hypoxia,24 Hours,0.433,20 ug/ml
SVG,DEP,Hypoxia,24 Hours,0.425,20 ug/ml
SVG,DEP,Hypoxia,24 Hours,0.423,20 ug/ml
SVG,DEP,Hypoxia,24 Hours,0.432,20 ug/ml
SVG,DEP,Hypoxia,24 Hours,0.442,20 ug/ml
SVG,DEP,Hypoxia,24 Hours,0.458,20 ug/ml
SVG,DEP,Hypoxia,24 Hours,0.464,50 ug/ml
SVG,DEP,Hypoxia,24 Hours,0.404,50 ug/ml
SVG,DEP,Hypoxia,24 Hours,0.435,50 ug/ml
SVG,DEP,Hypoxia,24 Hours,0.442,50 ug/ml
SVG,DEP,Hypoxia,24 Hours,0.443,50 ug/ml
SVG,DEP,Hypoxia,24 Hours,0.447,50 ug/ml
SVG,DEP,Hypoxia,24 Hours,0.456,50 ug/ml
SVG,DEP,Hypoxia,24 Hours,0.472,50 ug/ml
SVG,DEP,Hypoxia,24 Hours,0.453,50 ug/ml
SVG,DEP,Hypoxia,24 Hours,0.429,50 ug/ml
SVG,DEP,Hypoxia,24 Hours,0.43,50 ug/ml
SVG,DEP,Hypoxia,24 Hours,0.417,50 ug/ml
SVG,DEP,Hypoxia,24 Hours,0.429,50 ug/ml
SVG,DEP,Hypoxia,24 Hours,0.419,50 ug/ml
SVG,DEP,Hypoxia,24 Hours,0.397,50 ug/ml
SVG,DEP,Hypoxia,24 Hours,0.463,50 ug/ml
SVG,DEP,Hypoxia,24 Hours,0.458,100 ug/ml
SVG,DEP,Hypoxia,24 Hours,0.435,100 ug/ml
SVG,DEP,Hypoxia,24 Hours,0.444,100 ug/ml
SVG,DEP,Hypoxia,24 Hours,0.439,100 ug/ml
SVG,DEP,Hypoxia,24 Hours,0.447,100 ug/ml
SVG,DEP,Hypoxia,24 Hours,0.431,100 ug/ml
SVG,DEP,Hypoxia,24 Hours,0.457,100 ug/ml
SVG,DEP,Hypoxia,24 Hours,0.477,100 ug/ml
SVG,DEP,Hypoxia,24 Hours,0.463,100 ug/ml
SVG,DEP,Hypoxia,24 Hours,0.445,100 ug/ml
SVG,DEP,Hypoxia,24 Hours,0.431,100 ug/ml
SVG,DEP,Hypoxia,24 Hours,0.44,100 ug/ml
SVG,DEP,Hypoxia,24 Hours,0.435,100 ug/ml
SVG,DEP,Hypoxia,24 Hours,0.439,100 ug/ml
SVG,DEP,Hypoxia,24 Hours,0.445,100 ug/ml
SVG,DEP,Hypoxia,24 Hours,0.467,100 ug/ml
SVG,DEP,Hypoxia,24 Hours,0.416,Blank
SVG,DEP,Hypoxia,24 Hours,0.395,Blank
SVG,DEP,Hypoxia,24 Hours,0.39,Blank
SVG,DEP,Hypoxia,24 Hours,0.394,Blank
SVG,DEP,Hypoxia,24 Hours,0.397,Blank
SVG,DEP,Hypoxia,24 Hours,0.395,Blank
SVG,DEP,Hypoxia,24 Hours,0.397,Blank
SVG,DEP,Hypoxia,24 Hours,0.415,Blank
SVG,DEP,Hypoxia,24 Hours,0.439,Blank
SVG,DEP,Hypoxia,24 Hours,0.416,Blank
SVG,DEP,Hypoxia,24 Hours,0.419,Blank
SVG,DEP,Hypoxia,24 Hours,0.417,Blank
SVG,DEP,Hypoxia,24 Hours,0.421,Blank
SVG,DEP,Hypoxia,24 Hours,0.422,Blank
SVG,DEP,Hypoxia,24 Hours,0.419,Blank
SVG,DEP,Hypoxia,24 Hours,0.449,Blank
SVG,DEP,Hypoxia,24 Hours,0.448,20 ug/ml
SVG,DEP,Hypoxia,24 Hours,0.424,20 ug/ml
SVG,DEP,Hypoxia,24 Hours,0.421,20 ug/ml
SVG,DEP,Hypoxia,24 Hours,0.424,20 ug/ml
SVG,DEP,Hypoxia,24 Hours,0.427,20 ug/ml
SVG,DEP,Hypoxia,24 Hours,0.42,20 ug/ml
SVG,DEP,Hypoxia,24 Hours,0.427,20 ug/ml
SVG,DEP,Hypoxia,24 Hours,0.451,20 ug/ml
SVG,DEP,Hypoxia,24 Hours,0.448,20 ug/ml
SVG,DEP,Hypoxia,24 Hours,0.423,20 ug/ml
SVG,DEP,Hypoxia,24 Hours,0.418,20 ug/ml
SVG,DEP,Hypoxia,24 Hours,0.421,20 ug/ml
SVG,DEP,Hypoxia,24 Hours,0.429,20 ug/ml
SVG,DEP,Hypoxia,24 Hours,0.433,20 ug/ml
SVG,DEP,Hypoxia,24 Hours,0.429,20 ug/ml
SVG,DEP,Hypoxia,24 Hours,0.449,20 ug/ml
SVG,DEP,Hypoxia,24 Hours,0.466,50 ug/ml
SVG,DEP,Hypoxia,24 Hours,0.43,50 ug/ml
SVG,DEP,Hypoxia,24 Hours,0.426,50 ug/ml
SVG,DEP,Hypoxia,24 Hours,0.436,50 ug/ml
SVG,DEP,Hypoxia,24 Hours,0.437,50 ug/ml
SVG,DEP,Hypoxia,24 Hours,0.428,50 ug/ml
SVG,DEP,Hypoxia,24 Hours,0.434,50 ug/ml
SVG,DEP,Hypoxia,24 Hours,0.462,50 ug/ml
SVG,DEP,Hypoxia,24 Hours,0.453,50 ug/ml
SVG,DEP,Hypoxia,24 Hours,0.43,50 ug/ml
SVG,DEP,Hypoxia,24 Hours,0.429,50 ug/ml
SVG,DEP,Hypoxia,24 Hours,0.429,50 ug/ml
SVG,DEP,Hypoxia,24 Hours,0.432,50 ug/ml
SVG,DEP,Hypoxia,24 Hours,0.442,50 ug/ml
SVG,DEP,Hypoxia,24 Hours,0.443,50 ug/ml
SVG,DEP,Hypoxia,24 Hours,0.46,50 ug/ml
SVG,DEP,Hypoxia,24 Hours,0.473,100 ug/ml
SVG,DEP,Hypoxia,24 Hours,0.441,100 ug/ml
SVG,DEP,Hypoxia,24 Hours,0.434,100 ug/ml
SVG,DEP,Hypoxia,24 Hours,0.434,100 ug/ml
SVG,DEP,Hypoxia,24 Hours,0.436,100 ug/ml
SVG,DEP,Hypoxia,24 Hours,0.434,100 ug/ml
SVG,DEP,Hypoxia,24 Hours,0.443,100 ug/ml
SVG,DEP,Hypoxia,24 Hours,0.457,100 ug/ml
SVG,DEP,Hypoxia,24 Hours,0.469,100 ug/ml
SVG,DEP,Hypoxia,24 Hours,0.438,100 ug/ml
SVG,DEP,Hypoxia,24 Hours,0.444,100 ug/ml
SVG,DEP,Hypoxia,24 Hours,0.421,100 ug/ml
SVG,DEP,Hypoxia,24 Hours,0.454,100 ug/ml
SVG,DEP,Hypoxia,24 Hours,0.452,100 ug/ml
SVG,DEP,Hypoxia,24 Hours,0.457,100 ug/ml
SVG,DEP,Hypoxia,24 Hours,0.503,100 ug/ml
SVG,DEP,Hypoxia,24 Hours,0.5,Blank
SVG,DEP,Hypoxia,24 Hours,0.46,Blank
SVG,DEP,Hypoxia,24 Hours,0.469,Blank
SVG,DEP,Hypoxia,24 Hours,0.467,Blank
SVG,DEP,Hypoxia,24 Hours,0.462,Blank
SVG,DEP,Hypoxia,24 Hours,0.469,Blank
SVG,DEP,Hypoxia,24 Hours,0.471,Blank
SVG,DEP,Hypoxia,24 Hours,0.49,Blank
SVG,DEP,Hypoxia,24 Hours,0.502,Blank
SVG,DEP,Hypoxia,24 Hours,0.474,Blank
SVG,DEP,Hypoxia,24 Hours,0.465,Blank
SVG,DEP,Hypoxia,24 Hours,0.466,Blank
SVG,DEP,Hypoxia,24 Hours,0.472,Blank
SVG,DEP,Hypoxia,24 Hours,0.473,Blank
SVG,DEP,Hypoxia,24 Hours,0.479,Blank
SVG,DEP,Hypoxia,24 Hours,0.505,Blank
SVG,DEP,Hypoxia,24 Hours,0.485,20 ug/ml
SVG,DEP,Hypoxia,24 Hours,0.467,20 ug/ml
SVG,DEP,Hypoxia,24 Hours,0.462,20 ug/ml
SVG,DEP,Hypoxia,24 Hours,0.464,20 ug/ml
SVG,DEP,Hypoxia,24 Hours,0.459,20 ug/ml
SVG,DEP,Hypoxia,24 Hours,0.47,20 ug/ml
SVG,DEP,Hypoxia,24 Hours,0.473,20 ug/ml
SVG,DEP,Hypoxia,24 Hours,0.487,20 ug/ml
SVG,DEP,Hypoxia,24 Hours,0.501,20 ug/ml
SVG,DEP,Hypoxia,24 Hours,0.464,20 ug/ml
SVG,DEP,Hypoxia,24 Hours,0.467,20 ug/ml
SVG,DEP,Hypoxia,24 Hours,0.474,20 ug/ml
SVG,DEP,Hypoxia,24 Hours,0.477,20 ug/ml
SVG,DEP,Hypoxia,24 Hours,0.48,20 ug/ml
SVG,DEP,Hypoxia,24 Hours,0.49,20 ug/ml
SVG,DEP,Hypoxia,24 Hours,0.51,20 ug/ml
SVG,DEP,Hypoxia,24 Hours,0.511,50 ug/ml
SVG,DEP,Hypoxia,24 Hours,0.463,50 ug/ml
SVG,DEP,Hypoxia,24 Hours,0.464,50 ug/ml
SVG,DEP,Hypoxia,24 Hours,0.474,50 ug/ml
SVG,DEP,Hypoxia,24 Hours,0.479,50 ug/ml
SVG,DEP,Hypoxia,24 Hours,0.472,50 ug/ml
SVG,DEP,Hypoxia,24 Hours,0.477,50 ug/ml
SVG,DEP,Hypoxia,24 Hours,0.5,50 ug/ml
SVG,DEP,Hypoxia,24 Hours,0.484,50 ug/ml
SVG,DEP,Hypoxia,24 Hours,0.463,50 ug/ml
SVG,DEP,Hypoxia,24 Hours,0.463,50 ug/ml
SVG,DEP,Hypoxia,24 Hours,0.465,50 ug/ml
SVG,DEP,Hypoxia,24 Hours,0.483,50 ug/ml
SVG,DEP,Hypoxia,24 Hours,0.474,50 ug/ml
SVG,DEP,Hypoxia,24 Hours,0.481,50 ug/ml
SVG,DEP,Hypoxia,24 Hours,0.505,50 ug/ml
SVG,DEP,Hypoxia,24 Hours,0.515,100 ug/ml
SVG,DEP,Hypoxia,24 Hours,0.494,100 ug/ml
SVG,DEP,Hypoxia,24 Hours,0.489,100 ug/ml
SVG,DEP,Hypoxia,24 Hours,0.502,100 ug/ml
SVG,DEP,Hypoxia,24 Hours,0.505,100 ug/ml
SVG,DEP,Hypoxia,24 Hours,0.503,100 ug/ml
SVG,DEP,Hypoxia,24 Hours,0.504,100 ug/ml
SVG,DEP,Hypoxia,24 Hours,0.527,100 ug/ml
SVG,DEP,Hypoxia,24 Hours,0.536,100 ug/ml
SVG,DEP,Hypoxia,24 Hours,0.508,100 ug/ml
SVG,DEP,Hypoxia,24 Hours,0.504,100 ug/ml
SVG,DEP,Hypoxia,24 Hours,0.505,100 ug/ml
SVG,DEP,Hypoxia,24 Hours,0.497,100 ug/ml
SVG,DEP,Hypoxia,24 Hours,0.5,100 ug/ml
SVG,DEP,Hypoxia,24 Hours,0.508,100 ug/ml
SVG,DEP,Hypoxia,24 Hours,0.53,100 ug/ml
SVG,DEP + Ox66,Normoxia,48 Hours,0.813,Blank
SVG,DEP + Ox66,Normoxia,48 Hours,0.779,Blank
SVG,DEP + Ox66,Normoxia,48 Hours,0.773,Blank
SVG,DEP + Ox66,Normoxia,48 Hours,0.775,Blank
SVG,DEP + Ox66,Normoxia,48 Hours,0.783,Blank
SVG,DEP + Ox66,Normoxia,48 Hours,0.776,Blank
SVG,DEP + Ox66,Normoxia,48 Hours,0.808,Blank
SVG,DEP + Ox66,Normoxia,48 Hours,0.877,Blank
SVG,DEP + Ox66,Normoxia,48 Hours,0.812,Blank
SVG,DEP + Ox66,Normoxia,48 Hours,0.779,Blank
SVG,DEP + Ox66,Normoxia,48 Hours,0.762,Blank
SVG,DEP + Ox66,Normoxia,48 Hours,0.767,Blank
SVG,DEP + Ox66,Normoxia,48 Hours,0.757,Blank
SVG,DEP + Ox66,Normoxia,48 Hours,0.776,Blank
SVG,DEP + Ox66,Normoxia,48 Hours,0.803,Blank
SVG,DEP + Ox66,Normoxia,48 Hours,0.86,Blank
SVG,DEP + Ox66,Normoxia,48 Hours,0.846,20 ug/ml
SVG,DEP + Ox66,Normoxia,48 Hours,0.791,20 ug/ml
SVG,DEP + Ox66,Normoxia,48 Hours,0.815,20 ug/ml
SVG,DEP + Ox66,Normoxia,48 Hours,0.798,20 ug/ml
SVG,DEP + Ox66,Normoxia,48 Hours,0.809,20 ug/ml
SVG,DEP + Ox66,Normoxia,48 Hours,0.792,20 ug/ml
SVG,DEP + Ox66,Normoxia,48 Hours,0.802,20 ug/ml
SVG,DEP + Ox66,Normoxia,48 Hours,0.859,20 ug/ml
SVG,DEP + Ox66,Normoxia,48 Hours,0.791,20 ug/ml
SVG,DEP + Ox66,Normoxia,48 Hours,0.749,20 ug/ml
SVG,DEP + Ox66,Normoxia,48 Hours,0.754,20 ug/ml
SVG,DEP + Ox66,Normoxia,48 Hours,0.761,20 ug/ml
SVG,DEP + Ox66,Normoxia,48 Hours,0.777,20 ug/ml
SVG,DEP + Ox66,Normoxia,48 Hours,0.805,20 ug/ml
SVG,DEP + Ox66,Normoxia,48 Hours,0.8,20 ug/ml
SVG,DEP + Ox66,Normoxia,48 Hours,0.819,20 ug/ml
SVG,DEP + Ox66,Normoxia,48 Hours,0.851,50 ug/ml
SVG,DEP + Ox66,Normoxia,48 Hours,0.786,50 ug/ml
SVG,DEP + Ox66,Normoxia,48 Hours,0.786,50 ug/ml
SVG,DEP + Ox66,Normoxia,48 Hours,0.792,50 ug/ml
SVG,DEP + Ox66,Normoxia,48 Hours,0.78,50 ug/ml
SVG,DEP + Ox66,Normoxia,48 Hours,0.789,50 ug/ml
SVG,DEP + Ox66,Normoxia,48 Hours,0.835,50 ug/ml
SVG,DEP + Ox66,Normoxia,48 Hours,0.869,50 ug/ml
SVG,DEP + Ox66,Normoxia,48 Hours,0.862,50 ug/ml
SVG,DEP + Ox66,Normoxia,48 Hours,0.809,50 ug/ml
SVG,DEP + Ox66,Normoxia,48 Hours,0.806,50 ug/ml
SVG,DEP + Ox66,Normoxia,48 Hours,0.824,50 ug/ml
SVG,DEP + Ox66,Normoxia,48 Hours,0.804,50 ug/ml
SVG,DEP + Ox66,Normoxia,48 Hours,0.832,50 ug/ml
SVG,DEP + Ox66,Normoxia,48 Hours,0.827,50 ug/ml
SVG,DEP + Ox66,Normoxia,48 Hours,0.869,50 ug/ml
SVG,DEP + Ox66,Normoxia,48 Hours,0.918,100 ug/ml
SVG,DEP + Ox66,Normoxia,48 Hours,0.878,100 ug/ml
SVG,DEP + Ox66,Normoxia,48 Hours,0.834,100 ug/ml
SVG,DEP + Ox66,Normoxia,48 Hours,0.871,100 ug/ml
SVG,DEP + Ox66,Normoxia,48 Hours,0.876,100 ug/ml
SVG,DEP + Ox66,Normoxia,48 Hours,0.877,100 ug/ml
SVG,DEP + Ox66,Normoxia,48 Hours,0.897,100 ug/ml
SVG,DEP + Ox66,Normoxia,48 Hours,0.955,100 ug/ml
SVG,DEP + Ox66,Normoxia,48 Hours,0.874,100 ug/ml
SVG,DEP + Ox66,Normoxia,48 Hours,0.844,100 ug/ml
SVG,DEP + Ox66,Normoxia,48 Hours,0.828,100 ug/ml
SVG,DEP + Ox66,Normoxia,48 Hours,0.843,100 ug/ml
SVG,DEP + Ox66,Normoxia,48 Hours,0.843,100 ug/ml
SVG,DEP + Ox66,Normoxia,48 Hours,0.858,100 ug/ml
SVG,DEP + Ox66,Normoxia,48 Hours,0.874,100 ug/ml
SVG,DEP + Ox66,Normoxia,48 Hours,0.867,100 ug/ml
SVG,DEP + Ox66,Normoxia,48 Hours,0.887,Blank
SVG,DEP + Ox66,Normoxia,48 Hours,0.83,Blank
SVG,DEP + Ox66,Normoxia,48 Hours,0.818,Blank
SVG,DEP + Ox66,Normoxia,48 Hours,0.816,Blank
SVG,DEP + Ox66,Normoxia,48 Hours,0.82,Blank
SVG,DEP + Ox66,Normoxia,48 Hours,0.802,Blank
SVG,DEP + Ox66,Normoxia,48 Hours,0.835,Blank
SVG,DEP + Ox66,Normoxia,48 Hours,0.889,Blank
SVG,DEP + Ox66,Normoxia,48 Hours,0.905,Blank
SVG,DEP + Ox66,Normoxia,48 Hours,0.87,Blank
SVG,DEP + Ox66,Normoxia,48 Hours,0.868,Blank
SVG,DEP + Ox66,Normoxia,48 Hours,0.852,Blank
SVG,DEP + Ox66,Normoxia,48 Hours,0.867,Blank
SVG,DEP + Ox66,Normoxia,48 Hours,0.878,Blank
SVG,DEP + Ox66,Normoxia,48 Hours,0.887,Blank
SVG,DEP + Ox66,Normoxia,48 Hours,0.964,Blank
SVG,DEP + Ox66,Normoxia,48 Hours,0.929,20 ug/ml
SVG,DEP + Ox66,Normoxia,48 Hours,0.898,20 ug/ml
SVG,DEP + Ox66,Normoxia,48 Hours,0.894,20 ug/ml
SVG,DEP + Ox66,Normoxia,48 Hours,0.874,20 ug/ml
SVG,DEP + Ox66,Normoxia,48 Hours,0.909,20 ug/ml
SVG,DEP + Ox66,Normoxia,48 Hours,0.911,20 ug/ml
SVG,DEP + Ox66,Normoxia,48 Hours,0.919,20 ug/ml
SVG,DEP + Ox66,Normoxia,48 Hours,0.985,20 ug/ml
SVG,DEP + Ox66,Normoxia,48 Hours,0.92,20 ug/ml
SVG,DEP + Ox66,Normoxia,48 Hours,0.915,20 ug/ml
SVG,DEP + Ox66,Normoxia,48 Hours,0.898,20 ug/ml
SVG,DEP + Ox66,Normoxia,48 Hours,0.866,20 ug/ml
SVG,DEP + Ox66,Normoxia,48 Hours,0.903,20 ug/ml
SVG,DEP + Ox66,Normoxia,48 Hours,0.875,20 ug/ml
SVG,DEP + Ox66,Normoxia,48 Hours,0.922,20 ug/ml
SVG,DEP + Ox66,Normoxia,48 Hours,0.972,20 ug/ml
SVG,DEP + Ox66,Normoxia,48 Hours,0.975,50 ug/ml
SVG,DEP + Ox66,Normoxia,48 Hours,0.933,50 ug/ml
SVG,DEP + Ox66,Normoxia,48 Hours,0.932,50 ug/ml
SVG,DEP + Ox66,Normoxia,48 Hours,0.91,50 ug/ml
SVG,DEP + Ox66,Normoxia,48 Hours,0.923,50 ug/ml
SVG,DEP + Ox66,Normoxia,48 Hours,0.936,50 ug/ml
SVG,DEP + Ox66,Normoxia,48 Hours,0.952,50 ug/ml
SVG,DEP + Ox66,Normoxia,48 Hours,1.003,50 ug/ml
SVG,DEP + Ox66,Normoxia,48 Hours,0.968,50 ug/ml
SVG,DEP + Ox66,Normoxia,48 Hours,0.915,50 ug/ml
SVG,DEP + Ox66,Normoxia,48 Hours,0.922,50 ug/ml
SVG,DEP + Ox66,Normoxia,48 Hours,0.924,50 ug/ml
SVG,DEP + Ox66,Normoxia,48 Hours,0.929,50 ug/ml
SVG,DEP + Ox66,Normoxia,48 Hours,0.934,50 ug/ml
SVG,DEP + Ox66,Normoxia,48 Hours,0.965,50 ug/ml
SVG,DEP + Ox66,Normoxia,48 Hours,1.003,50 ug/ml
SVG,DEP + Ox66,Normoxia,48 Hours,0.976,100 ug/ml
SVG,DEP + Ox66,Normoxia,48 Hours,0.971,100 ug/ml
SVG,DEP + Ox66,Normoxia,48 Hours,0.957,100 ug/ml
SVG,DEP + Ox66,Normoxia,48 Hours,0.955,100 ug/ml
SVG,DEP + Ox66,Normoxia,48 Hours,0.98,100 ug/ml
SVG,DEP + Ox66,Normoxia,48 Hours,0.979,100 ug/ml
SVG,DEP + Ox66,Normoxia,48 Hours,0.997,100 ug/ml
SVG,DEP + Ox66,Normoxia,48 Hours,1.038,100 ug/ml
SVG,DEP + Ox66,Normoxia,48 Hours,0.996,100 ug/ml
SVG,DEP + Ox66,Normoxia,48 Hours,0.972,100 ug/ml
SVG,DEP + Ox66,Normoxia,48 Hours,0.963,100 ug/ml
SVG,DEP + Ox66,Normoxia,48 Hours,0.956,100 ug/ml
SVG,DEP + Ox66,Normoxia,48 Hours,0.95,100 ug/ml
SVG,DEP + Ox66,Normoxia,48 Hours,0.955,100 ug/ml
SVG,DEP + Ox66,Normoxia,48 Hours,0.971,100 ug/ml
SVG,DEP + Ox66,Normoxia,48 Hours,1.042,100 ug/ml
SVG,DEP + Ox66,Normoxia,48 Hours,0.918,Blank
SVG,DEP + Ox66,Normoxia,48 Hours,0.882,Blank
SVG,DEP + Ox66,Normoxia,48 Hours,0.879,Blank
SVG,DEP + Ox66,Normoxia,48 Hours,0.87,Blank
SVG,DEP + Ox66,Normoxia,48 Hours,0.863,Blank
SVG,DEP + Ox66,Normoxia,48 Hours,0.898,Blank
SVG,DEP + Ox66,Normoxia,48 Hours,0.92,Blank
SVG,DEP + Ox66,Normoxia,48 Hours,0.966,Blank
SVG,DEP + Ox66,Normoxia,48 Hours,0.866,Blank
SVG,DEP + Ox66,Normoxia,48 Hours,0.833,Blank
SVG,DEP + Ox66,Normoxia,48 Hours,0.851,Blank
SVG,DEP + Ox66,Normoxia,48 Hours,0.833,Blank
SVG,DEP + Ox66,Normoxia,48 Hours,0.827,Blank
SVG,DEP + Ox66,Normoxia,48 Hours,0.847,Blank
SVG,DEP + Ox66,Normoxia,48 Hours,0.867,Blank
SVG,DEP + Ox66,Normoxia,48 Hours,0.916,Blank
SVG,DEP + Ox66,Normoxia,48 Hours,0.941,20 ug/ml
SVG,DEP + Ox66,Normoxia,48 Hours,0.905,20 ug/ml
SVG,DEP + Ox66,Normoxia,48 Hours,0.909,20 ug/ml
SVG,DEP + Ox66,Normoxia,48 Hours,0.903,20 ug/ml
SVG,DEP + Ox66,Normoxia,48 Hours,0.92,20 ug/ml
SVG,DEP + Ox66,Normoxia,48 Hours,0.912,20 ug/ml
SVG,DEP + Ox66,Normoxia,48 Hours,0.939,20 ug/ml
SVG,DEP + Ox66,Normoxia,48 Hours,0.961,20 ug/ml
SVG,DEP + Ox66,Normoxia,48 Hours,0.92,20 ug/ml
SVG,DEP + Ox66,Normoxia,48 Hours,0.931,20 ug/ml
SVG,DEP + Ox66,Normoxia,48 Hours,0.878,20 ug/ml
SVG,DEP + Ox66,Normoxia,48 Hours,0.909,20 ug/ml
SVG,DEP + Ox66,Normoxia,48 Hours,0.909,20 ug/ml
SVG,DEP + Ox66,Normoxia,48 Hours,0.915,20 ug/ml
SVG,DEP + Ox66,Normoxia,48 Hours,0.9,20 ug/ml
SVG,DEP + Ox66,Normoxia,48 Hours,0.956,20 ug/ml
SVG,DEP + Ox66,Normoxia,48 Hours,0.939,50 ug/ml
SVG,DEP + Ox66,Normoxia,48 Hours,0.928,50 ug/ml
SVG,DEP + Ox66,Normoxia,48 Hours,0.924,50 ug/ml
SVG,DEP + Ox66,Normoxia,48 Hours,0.914,50 ug/ml
SVG,DEP + Ox66,Normoxia,48 Hours,0.929,50 ug/ml
SVG,DEP + Ox66,Normoxia,48 Hours,0.938,50 ug/ml
SVG,DEP + Ox66,Normoxia,48 Hours,0.932,50 ug/ml
SVG,DEP + Ox66,Normoxia,48 Hours,1.003,50 ug/ml
SVG,DEP + Ox66,Normoxia,48 Hours,0.971,50 ug/ml
SVG,DEP + Ox66,Normoxia,48 Hours,0.957,50 ug/ml
SVG,DEP + Ox66,Normoxia,48 Hours,0.948,50 ug/ml
SVG,DEP + Ox66,Normoxia,48 Hours,0.896,50 ug/ml
SVG,DEP + Ox66,Normoxia,48 Hours,0.95,50 ug/ml
SVG,DEP + Ox66,Normoxia,48 Hours,0.947,50 ug/ml
SVG,DEP + Ox66,Normoxia,48 Hours,0.951,50 ug/ml
SVG,DEP + Ox66,Normoxia,48 Hours,0.964,50 ug/ml
SVG,DEP + Ox66,Normoxia,48 Hours,0.998,100 ug/ml
SVG,DEP + Ox66,Normoxia,48 Hours,0.945,100 ug/ml
SVG,DEP + Ox66,Normoxia,48 Hours,0.97,100 ug/ml
SVG,DEP + Ox66,Normoxia,48 Hours,0.944,100 ug/ml
SVG,DEP + Ox66,Normoxia,48 Hours,0.925,100 ug/ml
SVG,DEP + Ox66,Normoxia,48 Hours,0.94,100 ug/ml
SVG,DEP + Ox66,Normoxia,48 Hours,0.967,100 ug/ml
SVG,DEP + Ox66,Normoxia,48 Hours,1.008,100 ug/ml
SVG,DEP + Ox66,Normoxia,48 Hours,0.976,100 ug/ml
SVG,DEP + Ox66,Normoxia,48 Hours,0.93,100 ug/ml
SVG,DEP + Ox66,Normoxia,48 Hours,0.919,100 ug/ml
SVG,DEP + Ox66,Normoxia,48 Hours,0.926,100 ug/ml
SVG,DEP + Ox66,Normoxia,48 Hours,0.922,100 ug/ml
SVG,DEP + Ox66,Normoxia,48 Hours,0.946,100 ug/ml
SVG,DEP + Ox66,Normoxia,48 Hours,0.959,100 ug/ml
SVG,DEP + Ox66,Normoxia,48 Hours,1.014,100 ug/ml
SVG,DEP + Ox66,Hypoxia,48 Hours,0.708,Blank
SVG,DEP + Ox66,Hypoxia,48 Hours,0.684,Blank
SVG,DEP + Ox66,Hypoxia,48 Hours,0.661,Blank
SVG,DEP + Ox66,Hypoxia,48 Hours,0.664,Blank
SVG,DEP + Ox66,Hypoxia,48 Hours,0.667,Blank
SVG,DEP + Ox66,Hypoxia,48 Hours,0.672,Blank
SVG,DEP + Ox66,Hypoxia,48 Hours,0.685,Blank
SVG,DEP + Ox66,Hypoxia,48 Hours,0.751,Blank
SVG,DEP + Ox66,Hypoxia,48 Hours,0.704,Blank
SVG,DEP + Ox66,Hypoxia,48 Hours,0.673,Blank
SVG,DEP + Ox66,Hypoxia,48 Hours,0.648,Blank
SVG,DEP + Ox66,Hypoxia,48 Hours,0.647,Blank
SVG,DEP + Ox66,Hypoxia,48 Hours,0.647,Blank
SVG,DEP + Ox66,Hypoxia,48 Hours,0.649,Blank
SVG,DEP + Ox66,Hypoxia,48 Hours,0.646,Blank
SVG,DEP + Ox66,Hypoxia,48 Hours,0.724,Blank
SVG,DEP + Ox66,Hypoxia,48 Hours,0.744,20 ug/ml + 50 ppm
SVG,DEP + Ox66,Hypoxia,48 Hours,0.709,20 ug/ml + 50 ppm
SVG,DEP + Ox66,Hypoxia,48 Hours,0.688,20 ug/ml + 50 ppm
SVG,DEP + Ox66,Hypoxia,48 Hours,0.692,20 ug/ml + 50 ppm
SVG,DEP + Ox66,Hypoxia,48 Hours,0.688,20 ug/ml + 50 ppm
SVG,DEP + Ox66,Hypoxia,48 Hours,0.685,20 ug/ml + 50 ppm
SVG,DEP + Ox66,Hypoxia,48 Hours,0.729,20 ug/ml + 50 ppm
SVG,DEP + Ox66,Hypoxia,48 Hours,0.802,20 ug/ml + 50 ppm
SVG,DEP + Ox66,Hypoxia,48 Hours,0.735,20 ug/ml + 50 ppm
SVG,DEP + Ox66,Hypoxia,48 Hours,0.665,20 ug/ml + 50 ppm
SVG,DEP + Ox66,Hypoxia,48 Hours,0.664,20 ug/ml + 50 ppm
SVG,DEP + Ox66,Hypoxia,48 Hours,0.66,20 ug/ml + 50 ppm
SVG,DEP + Ox66,Hypoxia,48 Hours,0.666,20 ug/ml + 50 ppm
SVG,DEP + Ox66,Hypoxia,48 Hours,0.658,20 ug/ml + 50 ppm
SVG,DEP + Ox66,Hypoxia,48 Hours,0.681,20 ug/ml + 50 ppm
SVG,DEP + Ox66,Hypoxia,48 Hours,0.757,20 ug/ml + 50 ppm
SVG,DEP + Ox66,Hypoxia,48 Hours,0.769,50 ug/ml + 100 ppm
SVG,DEP + Ox66,Hypoxia,48 Hours,0.718,50 ug/ml + 100 ppm
SVG,DEP + Ox66,Hypoxia,48 Hours,0.717,50 ug/ml + 100 ppm
SVG,DEP + Ox66,Hypoxia,48 Hours,0.713,50 ug/ml + 100 ppm
SVG,DEP + Ox66,Hypoxia,48 Hours,0.703,50 ug/ml + 100 ppm
SVG,DEP + Ox66,Hypoxia,48 Hours,0.709,50 ug/ml + 100 ppm
SVG,DEP + Ox66,Hypoxia,48 Hours,0.714,50 ug/ml + 100 ppm
SVG,DEP + Ox66,Hypoxia,48 Hours,0.835,50 ug/ml + 100 ppm
SVG,DEP + Ox66,Hypoxia,48 Hours,0.752,50 ug/ml + 100 ppm
SVG,DEP + Ox66,Hypoxia,48 Hours,0.731,50 ug/ml + 100 ppm
SVG,DEP + Ox66,Hypoxia,48 Hours,0.691,50 ug/ml + 100 ppm
SVG,DEP + Ox66,Hypoxia,48 Hours,0.694,50 ug/ml + 100 ppm
SVG,DEP + Ox66,Hypoxia,48 Hours,0.719,50 ug/ml + 100 ppm
SVG,DEP + Ox66,Hypoxia,48 Hours,0.711,50 ug/ml + 100 ppm
SVG,DEP + Ox66,Hypoxia,48 Hours,0.739,50 ug/ml + 100 ppm
SVG,DEP + Ox66,Hypoxia,48 Hours,0.811,50 ug/ml + 100 ppm
SVG,DEP + Ox66,Hypoxia,48 Hours,0.823,100 ug/ml + 200 ppm
SVG,DEP + Ox66,Hypoxia,48 Hours,0.761,100 ug/ml + 200 ppm
SVG,DEP + Ox66,Hypoxia,48 Hours,0.766,100 ug/ml + 200 ppm
SVG,DEP + Ox66,Hypoxia,48 Hours,0.749,100 ug/ml + 200 ppm
SVG,DEP + Ox66,Hypoxia,48 Hours,0.766,100 ug/ml + 200 ppm
SVG,DEP + Ox66,Hypoxia,48 Hours,0.793,100 ug/ml + 200 ppm
SVG,DEP + Ox66,Hypoxia,48 Hours,0.797,100 ug/ml + 200 ppm
SVG,DEP + Ox66,Hypoxia,48 Hours,0.879,100 ug/ml + 200 ppm
SVG,DEP + Ox66,Hypoxia,48 Hours,0.825,100 ug/ml + 200 ppm
SVG,DEP + Ox66,Hypoxia,48 Hours,0.756,100 ug/ml + 200 ppm
SVG,DEP + Ox66,Hypoxia,48 Hours,0.762,100 ug/ml + 200 ppm
SVG,DEP + Ox66,Hypoxia,48 Hours,0.748,100 ug/ml + 200 ppm
SVG,DEP + Ox66,Hypoxia,48 Hours,0.749,100 ug/ml + 200 ppm
SVG,DEP + Ox66,Hypoxia,48 Hours,0.754,100 ug/ml + 200 ppm
SVG,DEP + Ox66,Hypoxia,48 Hours,0.781,100 ug/ml + 200 ppm
SVG,DEP + Ox66,Hypoxia,48 Hours,0.869,100 ug/ml + 200 ppm
SVG,DEP + Ox66,Hypoxia,48 Hours,0.737,Blank
SVG,DEP + Ox66,Hypoxia,48 Hours,0.694,Blank
SVG,DEP + Ox66,Hypoxia,48 Hours,0.69,Blank
SVG,DEP + Ox66,Hypoxia,48 Hours,0.691,Blank
SVG,DEP + Ox66,Hypoxia,48 Hours,0.697,Blank
SVG,DEP + Ox66,Hypoxia,48 Hours,0.703,Blank
SVG,DEP + Ox66,Hypoxia,48 Hours,0.75,Blank
SVG,DEP + Ox66,Hypoxia,48 Hours,0.815,Blank
SVG,DEP + Ox66,Hypoxia,48 Hours,0.756,Blank
SVG,DEP + Ox66,Hypoxia,48 Hours,0.71,Blank
SVG,DEP + Ox66,Hypoxia,48 Hours,0.679,Blank
SVG,DEP + Ox66,Hypoxia,48 Hours,0.703,Blank
SVG,DEP + Ox66,Hypoxia,48 Hours,0.699,Blank
SVG,DEP + Ox66,Hypoxia,48 Hours,0.704,Blank
SVG,DEP + Ox66,Hypoxia,48 Hours,0.74,Blank
SVG,DEP + Ox66,Hypoxia,48 Hours,0.807,Blank
SVG,DEP + Ox66,Hypoxia,48 Hours,0.694,20 ug/ml + 50 ppm
SVG,DEP + Ox66,Hypoxia,48 Hours,0.66,20 ug/ml + 50 ppm
SVG,DEP + Ox66,Hypoxia,48 Hours,0.655,20 ug/ml + 50 ppm
SVG,DEP + Ox66,Hypoxia,48 Hours,0.68,20 ug/ml + 50 ppm
SVG,DEP + Ox66,Hypoxia,48 Hours,0.689,20 ug/ml + 50 ppm
SVG,DEP + Ox66,Hypoxia,48 Hours,0.692,20 ug/ml + 50 ppm
SVG,DEP + Ox66,Hypoxia,48 Hours,0.719,20 ug/ml + 50 ppm
SVG,DEP + Ox66,Hypoxia,48 Hours,0.786,20 ug/ml + 50 ppm
SVG,DEP + Ox66,Hypoxia,48 Hours,0.78,20 ug/ml + 50 ppm
SVG,DEP + Ox66,Hypoxia,48 Hours,0.732,20 ug/ml + 50 ppm
SVG,DEP + Ox66,Hypoxia,48 Hours,0.742,20 ug/ml + 50 ppm
SVG,DEP + Ox66,Hypoxia,48 Hours,0.711,20 ug/ml + 50 ppm
SVG,DEP + Ox66,Hypoxia,48 Hours,0.726,20 ug/ml + 50 ppm
SVG,DEP + Ox66,Hypoxia,48 Hours,0.746,20 ug/ml + 50 ppm
SVG,DEP + Ox66,Hypoxia,48 Hours,0.76,20 ug/ml + 50 ppm
SVG,DEP + Ox66,Hypoxia,48 Hours,0.843,20 ug/ml + 50 ppm
SVG,DEP + Ox66,Hypoxia,48 Hours,0.81,50 ug/ml + 100 ppm
SVG,DEP + Ox66,Hypoxia,48 Hours,0.768,50 ug/ml + 100 ppm
SVG,DEP + Ox66,Hypoxia,48 Hours,0.755,50 ug/ml + 100 ppm
SVG,DEP + Ox66,Hypoxia,48 Hours,0.739,50 ug/ml + 100 ppm
SVG,DEP + Ox66,Hypoxia,48 Hours,0.739,50 ug/ml + 100 ppm
SVG,DEP + Ox66,Hypoxia,48 Hours,0.756,50 ug/ml + 100 ppm
SVG,DEP + Ox66,Hypoxia,48 Hours,0.784,50 ug/ml + 100 ppm
SVG,DEP + Ox66,Hypoxia,48 Hours,0.884,50 ug/ml + 100 ppm
SVG,DEP + Ox66,Hypoxia,48 Hours,0.816,50 ug/ml + 100 ppm
SVG,DEP + Ox66,Hypoxia,48 Hours,0.763,50 ug/ml + 100 ppm
SVG,DEP + Ox66,Hypoxia,48 Hours,0.745,50 ug/ml + 100 ppm
SVG,DEP + Ox66,Hypoxia,48 Hours,0.762,50 ug/ml + 100 ppm
SVG,DEP + Ox66,Hypoxia,48 Hours,0.754,50 ug/ml + 100 ppm
SVG,DEP + Ox66,Hypoxia,48 Hours,0.769,50 ug/ml + 100 ppm
SVG,DEP + Ox66,Hypoxia,48 Hours,0.797,50 ug/ml + 100 ppm
SVG,DEP + Ox66,Hypoxia,48 Hours,0.875,50 ug/ml + 100 ppm
SVG,DEP + Ox66,Hypoxia,48 Hours,0.838,100 ug/ml + 200 ppm
SVG,DEP + Ox66,Hypoxia,48 Hours,0.794,100 ug/ml + 200 ppm
SVG,DEP + Ox66,Hypoxia,48 Hours,0.777,100 ug/ml + 200 ppm
SVG,DEP + Ox66,Hypoxia,48 Hours,0.793,100 ug/ml + 200 ppm
SVG,DEP + Ox66,Hypoxia,48 Hours,0.788,100 ug/ml + 200 ppm
SVG,DEP + Ox66,Hypoxia,48 Hours,0.797,100 ug/ml + 200 ppm
SVG,DEP + Ox66,Hypoxia,48 Hours,0.849,100 ug/ml + 200 ppm
SVG,DEP + Ox66,Hypoxia,48 Hours,0.928,100 ug/ml + 200 ppm
SVG,DEP + Ox66,Hypoxia,48 Hours,0.834,100 ug/ml + 200 ppm
SVG,DEP + Ox66,Hypoxia,48 Hours,0.763,100 ug/ml + 200 ppm
SVG,DEP + Ox66,Hypoxia,48 Hours,0.748,100 ug/ml + 200 ppm
SVG,DEP + Ox66,Hypoxia,48 Hours,0.762,100 ug/ml + 200 ppm
SVG,DEP + Ox66,Hypoxia,48 Hours,0.787,100 ug/ml + 200 ppm
SVG,DEP + Ox66,Hypoxia,48 Hours,0.795,100 ug/ml + 200 ppm
SVG,DEP + Ox66,Hypoxia,48 Hours,0.815,100 ug/ml + 200 ppm
SVG,DEP + Ox66,Hypoxia,48 Hours,0.881,100 ug/ml + 200 ppm
SVG,DEP + Ox66,Hypoxia,48 Hours,1.098,Blank
SVG,DEP + Ox66,Hypoxia,48 Hours,1.068,Blank
SVG,DEP + Ox66,Hypoxia,48 Hours,1.016,Blank
SVG,DEP + Ox66,Hypoxia,48 Hours,1.044,Blank
SVG,DEP + Ox66,Hypoxia,48 Hours,1.006,Blank
SVG,DEP + Ox66,Hypoxia,48 Hours,0.997,Blank
SVG,DEP + Ox66,Hypoxia,48 Hours,1.003,Blank
SVG,DEP + Ox66,Hypoxia,48 Hours,1.117,Blank
SVG,DEP + Ox66,Hypoxia,48 Hours,1.112,Blank
SVG,DEP + Ox66,Hypoxia,48 Hours,1.053,Blank
SVG,DEP + Ox66,Hypoxia,48 Hours,1.013,Blank
SVG,DEP + Ox66,Hypoxia,48 Hours,1.009,Blank
SVG,DEP + Ox66,Hypoxia,48 Hours,0.977,Blank
SVG,DEP + Ox66,Hypoxia,48 Hours,0.986,Blank
SVG,DEP + Ox66,Hypoxia,48 Hours,0.999,Blank
SVG,DEP + Ox66,Hypoxia,48 Hours,1.089,Blank
SVG,DEP + Ox66,Hypoxia,48 Hours,1.206,20 ug/ml + 50 ppm
SVG,DEP + Ox66,Hypoxia,48 Hours,1.152,20 ug/ml + 50 ppm
SVG,DEP + Ox66,Hypoxia,48 Hours,1.104,20 ug/ml + 50 ppm
SVG,DEP + Ox66,Hypoxia,48 Hours,1.085,20 ug/ml + 50 ppm
SVG,DEP + Ox66,Hypoxia,48 Hours,1.045,20 ug/ml + 50 ppm
SVG,DEP + Ox66,Hypoxia,48 Hours,1.104,20 ug/ml + 50 ppm
SVG,DEP + Ox66,Hypoxia,48 Hours,1.1,20 ug/ml + 50 ppm
SVG,DEP + Ox66,Hypoxia,48 Hours,1.148,20 ug/ml + 50 ppm
SVG,DEP + Ox66,Hypoxia,48 Hours,1.091,20 ug/ml + 50 ppm
SVG,DEP + Ox66,Hypoxia,48 Hours,1.035,20 ug/ml + 50 ppm
SVG,DEP + Ox66,Hypoxia,48 Hours,0.971,20 ug/ml + 50 ppm
SVG,DEP + Ox66,Hypoxia,48 Hours,0.943,20 ug/ml + 50 ppm
SVG,DEP + Ox66,Hypoxia,48 Hours,0.944,20 ug/ml + 50 ppm
SVG,DEP + Ox66,Hypoxia,48 Hours,0.954,20 ug/ml + 50 ppm
SVG,DEP + Ox66,Hypoxia,48 Hours,0.969,20 ug/ml + 50 ppm
SVG,DEP + Ox66,Hypoxia,48 Hours,1.044,20 ug/ml + 50 ppm
SVG,DEP + Ox66,Hypoxia,48 Hours,1.167,50 ug/ml + 100 ppm
SVG,DEP + Ox66,Hypoxia,48 Hours,1.088,50 ug/ml + 100 ppm
SVG,DEP + Ox66,Hypoxia,48 Hours,1.078,50 ug/ml + 100 ppm
SVG,DEP + Ox66,Hypoxia,48 Hours,1.056,50 ug/ml + 100 ppm
SVG,DEP + Ox66,Hypoxia,48 Hours,1.069,50 ug/ml + 100 ppm
SVG,DEP + Ox66,Hypoxia,48 Hours,1.135,50 ug/ml + 100 ppm
SVG,DEP + Ox66,Hypoxia,48 Hours,1.109,50 ug/ml + 100 ppm
SVG,DEP + Ox66,Hypoxia,48 Hours,1.139,50 ug/ml + 100 ppm
SVG,DEP + Ox66,Hypoxia,48 Hours,1.229,50 ug/ml + 100 ppm
SVG,DEP + Ox66,Hypoxia,48 Hours,1.107,50 ug/ml + 100 ppm
SVG,DEP + Ox66,Hypoxia,48 Hours,1.089,50 ug/ml + 100 ppm
SVG,DEP + Ox66,Hypoxia,48 Hours,1.095,50 ug/ml + 100 ppm
SVG,DEP + Ox66,Hypoxia,48 Hours,1.085,50 ug/ml + 100 ppm
SVG,DEP + Ox66,Hypoxia,48 Hours,1.065,50 ug/ml + 100 ppm
SVG,DEP + Ox66,Hypoxia,48 Hours,1.078,50 ug/ml + 100 ppm
SVG,DEP + Ox66,Hypoxia,48 Hours,1.175,50 ug/ml + 100 ppm
SVG,DEP + Ox66,Hypoxia,48 Hours,1.218,100 ug/ml + 200 ppm
SVG,DEP + Ox66,Hypoxia,48 Hours,1.144,100 ug/ml + 200 ppm
SVG,DEP + Ox66,Hypoxia,48 Hours,1.097,100 ug/ml + 200 ppm
SVG,DEP + Ox66,Hypoxia,48 Hours,1.077,100 ug/ml + 200 ppm
SVG,DEP + Ox66,Hypoxia,48 Hours,1.066,100 ug/ml + 200 ppm
SVG,DEP + Ox66,Hypoxia,48 Hours,1.082,100 ug/ml + 200 ppm
SVG,DEP + Ox66,Hypoxia,48 Hours,1.111,100 ug/ml + 200 ppm
SVG,DEP + Ox66,Hypoxia,48 Hours,1.196,100 ug/ml + 200 ppm
SVG,DEP + Ox66,Hypoxia,48 Hours,1.244,100 ug/ml + 200 ppm
SVG,DEP + Ox66,Hypoxia,48 Hours,1.155,100 ug/ml + 200 ppm
SVG,DEP + Ox66,Hypoxia,48 Hours,1.126,100 ug/ml + 200 ppm
SVG,DEP + Ox66,Hypoxia,48 Hours,1.1,100 ug/ml + 200 ppm
SVG,DEP + Ox66,Hypoxia,48 Hours,1.09,100 ug/ml + 200 ppm
SVG,DEP + Ox66,Hypoxia,48 Hours,1.106,100 ug/ml + 200 ppm
SVG,DEP + Ox66,Hypoxia,48 Hours,1.114,100 ug/ml + 200 ppm
SVG,DEP + Ox66,Hypoxia,48 Hours,1.192,100 ug/ml + 200 ppm
SVG,Ox66,Normoxia,24 Hours,0.576,Blank
SVG,Ox66,Normoxia,24 Hours,0.542,Blank
SVG,Ox66,Normoxia,24 Hours,0.536,Blank
SVG,Ox66,Normoxia,24 Hours,0.542,Blank
SVG,Ox66,Normoxia,24 Hours,0.537,Blank
SVG,Ox66,Normoxia,24 Hours,0.538,Blank
SVG,Ox66,Normoxia,24 Hours,0.552,Blank
SVG,Ox66,Normoxia,24 Hours,0.578,Blank
SVG,Ox66,Normoxia,24 Hours,0.558,Blank
SVG,Ox66,Normoxia,24 Hours,0.518,Blank
SVG,Ox66,Normoxia,24 Hours,0.512,Blank
SVG,Ox66,Normoxia,24 Hours,0.497,Blank
SVG,Ox66,Normoxia,24 Hours,0.512,Blank
SVG,Ox66,Normoxia,24 Hours,0.517,Blank
SVG,Ox66,Normoxia,24 Hours,0.526,Blank
SVG,Ox66,Normoxia,24 Hours,0.559,Blank
SVG,Ox66,Normoxia,24 Hours,0.602,50 ppm
SVG,Ox66,Normoxia,24 Hours,0.568,50 ppm
SVG,Ox66,Normoxia,24 Hours,0.558,50 ppm
SVG,Ox66,Normoxia,24 Hours,0.561,50 ppm
SVG,Ox66,Normoxia,24 Hours,0.566,50 ppm
SVG,Ox66,Normoxia,24 Hours,0.569,50 ppm
SVG,Ox66,Normoxia,24 Hours,0.577,50 ppm
SVG,Ox66,Normoxia,24 Hours,0.609,50 ppm
SVG,Ox66,Normoxia,24 Hours,0.562,50 ppm
SVG,Ox66,Normoxia,24 Hours,0.531,50 ppm
SVG,Ox66,Normoxia,24 Hours,0.523,50 ppm
SVG,Ox66,Normoxia,24 Hours,0.519,50 ppm
SVG,Ox66,Normoxia,24 Hours,0.523,50 ppm
SVG,Ox66,Normoxia,24 Hours,0.525,50 ppm
SVG,Ox66,Normoxia,24 Hours,0.537,50 ppm
SVG,Ox66,Normoxia,24 Hours,0.559,50 ppm
SVG,Ox66,Normoxia,24 Hours,0.56,100 ppm
SVG,Ox66,Normoxia,24 Hours,0.515,100 ppm
SVG,Ox66,Normoxia,24 Hours,0.518,100 ppm
SVG,Ox66,Normoxia,24 Hours,0.511,100 ppm
SVG,Ox66,Normoxia,24 Hours,0.518,100 ppm
SVG,Ox66,Normoxia,24 Hours,0.524,100 ppm
SVG,Ox66,Normoxia,24 Hours,0.531,100 ppm
SVG,Ox66,Normoxia,24 Hours,0.573,100 ppm
SVG,Ox66,Normoxia,24 Hours,0.561,100 ppm
SVG,Ox66,Normoxia,24 Hours,0.535,100 ppm
SVG,Ox66,Normoxia,24 Hours,0.526,100 ppm
SVG,Ox66,Normoxia,24 Hours,0.522,100 ppm
SVG,Ox66,Normoxia,24 Hours,0.518,100 ppm
SVG,Ox66,Normoxia,24 Hours,0.517,100 ppm
SVG,Ox66,Normoxia,24 Hours,0.53,100 ppm
SVG,Ox66,Normoxia,24 Hours,0.559,100 ppm
SVG,Ox66,Normoxia,24 Hours,0.579,200 ppm
SVG,Ox66,Normoxia,24 Hours,0.531,200 ppm
SVG,Ox66,Normoxia,24 Hours,0.527,200 ppm
SVG,Ox66,Normoxia,24 Hours,0.527,200 ppm
SVG,Ox66,Normoxia,24 Hours,0.52,200 ppm
SVG,Ox66,Normoxia,24 Hours,0.54,200 ppm
SVG,Ox66,Normoxia,24 Hours,0.539,200 ppm
SVG,Ox66,Normoxia,24 Hours,0.575,200 ppm
SVG,Ox66,Normoxia,24 Hours,0.57,200 ppm
SVG,Ox66,Normoxia,24 Hours,0.533,200 ppm
SVG,Ox66,Normoxia,24 Hours,0.518,200 ppm
SVG,Ox66,Normoxia,24 Hours,0.516,200 ppm
SVG,Ox66,Normoxia,24 Hours,0.525,200 ppm
SVG,Ox66,Normoxia,24 Hours,0.529,200 ppm
SVG,Ox66,Normoxia,24 Hours,0.541,200 ppm
SVG,Ox66,Normoxia,24 Hours,0.57,200 ppm
SVG,Ox66,Normoxia,24 Hours,0.546,Blank
SVG,Ox66,Normoxia,24 Hours,0.525,Blank
SVG,Ox66,Normoxia,24 Hours,0.515,Blank
SVG,Ox66,Normoxia,24 Hours,0.52,Blank
SVG,Ox66,Normoxia,24 Hours,0.515,Blank
SVG,Ox66,Normoxia,24 Hours,0.518,Blank
SVG,Ox66,Normoxia,24 Hours,0.536,Blank
SVG,Ox66,Normoxia,24 Hours,0.575,Blank
SVG,Ox66,Normoxia,24 Hours,0.54,Blank
SVG,Ox66,Normoxia,24 Hours,0.503,Blank
SVG,Ox66,Normoxia,24 Hours,0.505,Blank
SVG,Ox66,Normoxia,24 Hours,0.505,Blank
SVG,Ox66,Normoxia,24 Hours,0.509,Blank
SVG,Ox66,Normoxia,24 Hours,0.512,Blank
SVG,Ox66,Normoxia,24 Hours,0.532,Blank
SVG,Ox66,Normoxia,24 Hours,0.56,Blank
SVG,Ox66,Normoxia,24 Hours,0.58,50 ppm
SVG,Ox66,Normoxia,24 Hours,0.539,50 ppm
SVG,Ox66,Normoxia,24 Hours,0.529,50 ppm
SVG,Ox66,Normoxia,24 Hours,0.54,50 ppm
SVG,Ox66,Normoxia,24 Hours,0.533,50 ppm
SVG,Ox66,Normoxia,24 Hours,0.557,50 ppm
SVG,Ox66,Normoxia,24 Hours,0.555,50 ppm
SVG,Ox66,Normoxia,24 Hours,0.568,50 ppm
SVG,Ox66,Normoxia,24 Hours,0.555,50 ppm
SVG,Ox66,Normoxia,24 Hours,0.518,50 ppm
SVG,Ox66,Normoxia,24 Hours,0.511,50 ppm
SVG,Ox66,Normoxia,24 Hours,0.503,50 ppm
SVG,Ox66,Normoxia,24 Hours,0.513,50 ppm
SVG,Ox66,Normoxia,24 Hours,0.514,50 ppm
SVG,Ox66,Normoxia,24 Hours,0.523,50 ppm
SVG,Ox66,Normoxia,24 Hours,0.555,50 ppm
SVG,Ox66,Normoxia,24 Hours,0.56,100 ppm
SVG,Ox66,Normoxia,24 Hours,0.528,100 ppm
SVG,Ox66,Normoxia,24 Hours,0.528,100 ppm
SVG,Ox66,Normoxia,24 Hours,0.522,100 ppm
SVG,Ox66,Normoxia,24 Hours,0.533,100 ppm
SVG,Ox66,Normoxia,24 Hours,0.533,100 ppm
SVG,Ox66,Normoxia,24 Hours,0.546,100 ppm
SVG,Ox66,Normoxia,24 Hours,0.592,100 ppm
SVG,Ox66,Normoxia,24 Hours,0.547,100 ppm
SVG,Ox66,Normoxia,24 Hours,0.509,100 ppm
SVG,Ox66,Normoxia,24 Hours,0.513,100 ppm
SVG,Ox66,Normoxia,24 Hours,0.509,100 ppm
SVG,Ox66,Normoxia,24 Hours,0.499,100 ppm
SVG,Ox66,Normoxia,24 Hours,0.509,100 ppm
SVG,Ox66,Normoxia,24 Hours,0.513,100 ppm
SVG,Ox66,Normoxia,24 Hours,0.563,100 ppm
SVG,Ox66,Normoxia,24 Hours,0.579,200 ppm
SVG,Ox66,Normoxia,24 Hours,0.557,200 ppm
SVG,Ox66,Normoxia,24 Hours,0.548,200 ppm
SVG,Ox66,Normoxia,24 Hours,0.538,200 ppm
SVG,Ox66,Normoxia,24 Hours,0.546,200 ppm
SVG,Ox66,Normoxia,24 Hours,0.538,200 ppm
SVG,Ox66,Normoxia,24 Hours,0.554,200 ppm
SVG,Ox66,Normoxia,24 Hours,0.599,200 ppm
SVG,Ox66,Normoxia,24 Hours,0.551,200 ppm
SVG,Ox66,Normoxia,24 Hours,0.516,200 ppm
SVG,Ox66,Normoxia,24 Hours,0.508,200 ppm
SVG,Ox66,Normoxia,24 Hours,0.5,200 ppm
SVG,Ox66,Normoxia,24 Hours,0.509,200 ppm
SVG,Ox66,Normoxia,24 Hours,0.516,200 ppm
SVG,Ox66,Normoxia,24 Hours,0.528,200 ppm
SVG,Ox66,Normoxia,24 Hours,0.569,200 ppm
SVG,Ox66,Normoxia,24 Hours,0.576,Blank
SVG,Ox66,Normoxia,24 Hours,0.544,Blank
SVG,Ox66,Normoxia,24 Hours,0.535,Blank
SVG,Ox66,Normoxia,24 Hours,0.538,Blank
SVG,Ox66,Normoxia,24 Hours,0.538,Blank
SVG,Ox66,Normoxia,24 Hours,0.552,Blank
SVG,Ox66,Normoxia,24 Hours,0.575,Blank
SVG,Ox66,Normoxia,24 Hours,0.612,Blank
SVG,Ox66,Normoxia,24 Hours,0.588,Blank
SVG,Ox66,Normoxia,24 Hours,0.555,Blank
SVG,Ox66,Normoxia,24 Hours,0.562,Blank
SVG,Ox66,Normoxia,24 Hours,0.57,Blank
SVG,Ox66,Normoxia,24 Hours,0.577,Blank
SVG,Ox66,Normoxia,24 Hours,0.581,Blank
SVG,Ox66,Normoxia,24 Hours,0.591,Blank
SVG,Ox66,Normoxia,24 Hours,0.63,Blank
SVG,Ox66,Normoxia,24 Hours,0.582,50 ppm
SVG,Ox66,Normoxia,24 Hours,0.55,50 ppm
SVG,Ox66,Normoxia,24 Hours,0.537,50 ppm
SVG,Ox66,Normoxia,24 Hours,0.543,50 ppm
SVG,Ox66,Normoxia,24 Hours,0.543,50 ppm
SVG,Ox66,Normoxia,24 Hours,0.558,50 ppm
SVG,Ox66,Normoxia,24 Hours,0.574,50 ppm
SVG,Ox66,Normoxia,24 Hours,0.605,50 ppm
SVG,Ox66,Normoxia,24 Hours,0.576,50 ppm
SVG,Ox66,Normoxia,24 Hours,0.55,50 ppm
SVG,Ox66,Normoxia,24 Hours,0.527,50 ppm
SVG,Ox66,Normoxia,24 Hours,0.533,50 ppm
SVG,Ox66,Normoxia,24 Hours,0.546,50 ppm
SVG,Ox66,Normoxia,24 Hours,0.535,50 ppm
SVG,Ox66,Normoxia,24 Hours,0.559,50 ppm
SVG,Ox66,Normoxia,24 Hours,0.606,50 ppm
SVG,Ox66,Normoxia,24 Hours,0.588,100 ppm
SVG,Ox66,Normoxia,24 Hours,0.557,100 ppm
SVG,Ox66,Normoxia,24 Hours,0.54,100 ppm
SVG,Ox66,Normoxia,24 Hours,0.531,100 ppm
SVG,Ox66,Normoxia,24 Hours,0.557,100 ppm
SVG,Ox66,Normoxia,24 Hours,0.559,100 ppm
SVG,Ox66,Normoxia,24 Hours,0.575,100 ppm
SVG,Ox66,Normoxia,24 Hours,0.599,100 ppm
SVG,Ox66,Normoxia,24 Hours,0.587,100 ppm
SVG,Ox66,Normoxia,24 Hours,0.548,100 ppm
SVG,Ox66,Normoxia,24 Hours,0.55,100 ppm
SVG,Ox66,Normoxia,24 Hours,0.562,100 ppm
SVG,Ox66,Normoxia,24 Hours,0.565,100 ppm
SVG,Ox66,Normoxia,24 Hours,0.561,100 ppm
SVG,Ox66,Normoxia,24 Hours,0.574,100 ppm
SVG,Ox66,Normoxia,24 Hours,0.606,100 ppm
SVG,Ox66,Normoxia,24 Hours,0.59,200 ppm
SVG,Ox66,Normoxia,24 Hours,0.559,200 ppm
SVG,Ox66,Normoxia,24 Hours,0.548,200 ppm
SVG,Ox66,Normoxia,24 Hours,0.546,200 ppm
SVG,Ox66,Normoxia,24 Hours,0.544,200 ppm
SVG,Ox66,Normoxia,24 Hours,0.558,200 ppm
SVG,Ox66,Normoxia,24 Hours,0.571,200 ppm
SVG,Ox66,Normoxia,24 Hours,0.605,200 ppm
SVG,Ox66,Normoxia,24 Hours,0.552,200 ppm
SVG,Ox66,Normoxia,24 Hours,0.54,200 ppm
SVG,Ox66,Normoxia,24 Hours,0.544,200 ppm
SVG,Ox66,Normoxia,24 Hours,0.546,200 ppm
SVG,Ox66,Normoxia,24 Hours,0.554,200 ppm
SVG,Ox66,Normoxia,24 Hours,0.555,200 ppm
SVG,Ox66,Normoxia,24 Hours,0.557,200 ppm
SVG,Ox66,Normoxia,24 Hours,0.587,200 ppm
SVG,Ox66,Hypoxia,24 Hours,0.642,Blank
SVG,Ox66,Hypoxia,24 Hours,0.599,Blank
SVG,Ox66,Hypoxia,24 Hours,0.585,Blank
SVG,Ox66,Hypoxia,24 Hours,0.578,Blank
SVG,Ox66,Hypoxia,24 Hours,0.591,Blank
SVG,Ox66,Hypoxia,24 Hours,0.597,Blank
SVG,Ox66,Hypoxia,24 Hours,0.623,Blank
SVG,Ox66,Hypoxia,24 Hours,0.693,Blank
SVG,Ox66,Hypoxia,24 Hours,0.632,Blank
SVG,Ox66,Hypoxia,24 Hours,0.589,Blank
SVG,Ox66,Hypoxia,24 Hours,0.585,Blank
SVG,Ox66,Hypoxia,24 Hours,0.585,Blank
SVG,Ox66,Hypoxia,24 Hours,0.582,Blank
SVG,Ox66,Hypoxia,24 Hours,0.59,Blank
SVG,Ox66,Hypoxia,24 Hours,0.614,Blank
SVG,Ox66,Hypoxia,24 Hours,0.686,Blank
SVG,Ox66,Hypoxia,24 Hours,0.658,50 ppm
SVG,Ox66,Hypoxia,24 Hours,0.629,50 ppm
SVG,Ox66,Hypoxia,24 Hours,0.613,50 ppm
SVG,Ox66,Hypoxia,24 Hours,0.611,50 ppm
SVG,Ox66,Hypoxia,24 Hours,0.621,50 ppm
SVG,Ox66,Hypoxia,24 Hours,0.635,50 ppm
SVG,Ox66,Hypoxia,24 Hours,0.653,50 ppm
SVG,Ox66,Hypoxia,24 Hours,0.73,50 ppm
SVG,Ox66,Hypoxia,24 Hours,0.664,50 ppm
SVG,Ox66,Hypoxia,24 Hours,0.618,50 ppm
SVG,Ox66,Hypoxia,24 Hours,0.602,50 ppm
SVG,Ox66,Hypoxia,24 Hours,0.591,50 ppm
SVG,Ox66,Hypoxia,24 Hours,0.618,50 ppm
SVG,Ox66,Hypoxia,24 Hours,0.63,50 ppm
SVG,Ox66,Hypoxia,24 Hours,0.653,50 ppm
SVG,Ox66,Hypoxia,24 Hours,0.733,50 ppm
SVG,Ox66,Hypoxia,24 Hours,0.651,100 ppm
SVG,Ox66,Hypoxia,24 Hours,0.618,100 ppm
SVG,Ox66,Hypoxia,24 Hours,0.594,100 ppm
SVG,Ox66,Hypoxia,24 Hours,0.601,100 ppm
SVG,Ox66,Hypoxia,24 Hours,0.608,100 ppm
SVG,Ox66,Hypoxia,24 Hours,0.606,100 ppm
SVG,Ox66,Hypoxia,24 Hours,0.637,100 ppm
SVG,Ox66,Hypoxia,24 Hours,0.617,100 ppm
SVG,Ox66,Hypoxia,24 Hours,0.667,100 ppm
SVG,Ox66,Hypoxia,24 Hours,0.618,100 ppm
SVG,Ox66,Hypoxia,24 Hours,0.608,100 ppm
SVG,Ox66,Hypoxia,24 Hours,0.609,100 ppm
SVG,Ox66,Hypoxia,24 Hours,0.625,100 ppm
SVG,Ox66,Hypoxia,24 Hours,0.635,100 ppm
SVG,Ox66,Hypoxia,24 Hours,0.663,100 ppm
SVG,Ox66,Hypoxia,24 Hours,0.721,100 ppm
SVG,Ox66,Hypoxia,24 Hours,0.659,200 ppm
SVG,Ox66,Hypoxia,24 Hours,0.588,200 ppm
SVG,Ox66,Hypoxia,24 Hours,0.606,200 ppm
SVG,Ox66,Hypoxia,24 Hours,0.603,200 ppm
SVG,Ox66,Hypoxia,24 Hours,0.589,200 ppm
SVG,Ox66,Hypoxia,24 Hours,0.6,200 ppm
SVG,Ox66,Hypoxia,24 Hours,0.609,200 ppm
SVG,Ox66,Hypoxia,24 Hours,0.707,200 ppm
SVG,Ox66,Hypoxia,24 Hours,0.624,200 ppm
SVG,Ox66,Hypoxia,24 Hours,0.592,200 ppm
SVG,Ox66,Hypoxia,24 Hours,0.591,200 ppm
SVG,Ox66,Hypoxia,24 Hours,0.585,200 ppm
SVG,Ox66,Hypoxia,24 Hours,0.58,200 ppm
SVG,Ox66,Hypoxia,24 Hours,0.616,200 ppm
SVG,Ox66,Hypoxia,24 Hours,0.613,200 ppm
SVG,Ox66,Hypoxia,24 Hours,0.698,200 ppm
SVG,Ox66,Hypoxia,24 Hours,0.668,Blank
SVG,Ox66,Hypoxia,24 Hours,0.621,Blank
SVG,Ox66,Hypoxia,24 Hours,0.575,Blank
SVG,Ox66,Hypoxia,24 Hours,0.598,Blank
SVG,Ox66,Hypoxia,24 Hours,0.601,Blank
SVG,Ox66,Hypoxia,24 Hours,0.64,Blank
SVG,Ox66,Hypoxia,24 Hours,0.654,Blank
SVG,Ox66,Hypoxia,24 Hours,0.764,Blank
SVG,Ox66,Hypoxia,24 Hours,0.634,Blank
SVG,Ox66,Hypoxia,24 Hours,0.598,Blank
SVG,Ox66,Hypoxia,24 Hours,0.585,Blank
SVG,Ox66,Hypoxia,24 Hours,0.556,Blank
SVG,Ox66,Hypoxia,24 Hours,0.581,Blank
SVG,Ox66,Hypoxia,24 Hours,0.607,Blank
SVG,Ox66,Hypoxia,24 Hours,0.642,Blank
SVG,Ox66,Hypoxia,24 Hours,0.741,Blank
SVG,Ox66,Hypoxia,24 Hours,0.681,50 ppm
SVG,Ox66,Hypoxia,24 Hours,0.625,50 ppm
SVG,Ox66,Hypoxia,24 Hours,0.609,50 ppm
SVG,Ox66,Hypoxia,24 Hours,0.603,50 ppm
SVG,Ox66,Hypoxia,24 Hours,0.622,50 ppm
SVG,Ox66,Hypoxia,24 Hours,0.62,50 ppm
SVG,Ox66,Hypoxia,24 Hours,0.665,50 ppm
SVG,Ox66,Hypoxia,24 Hours,0.738,50 ppm
SVG,Ox66,Hypoxia,24 Hours,0.682,50 ppm
SVG,Ox66,Hypoxia,24 Hours,0.62,50 ppm
SVG,Ox66,Hypoxia,24 Hours,0.609,50 ppm
SVG,Ox66,Hypoxia,24 Hours,0.612,50 ppm
SVG,Ox66,Hypoxia,24 Hours,0.624,50 ppm
SVG,Ox66,Hypoxia,24 Hours,0.61,50 ppm
SVG,Ox66,Hypoxia,24 Hours,0.672,50 ppm
SVG,Ox66,Hypoxia,24 Hours,0.721,50 ppm
SVG,Ox66,Hypoxia,24 Hours,0.681,100 ppm
SVG,Ox66,Hypoxia,24 Hours,0.632,100 ppm
SVG,Ox66,Hypoxia,24 Hours,0.619,100 ppm
SVG,Ox66,Hypoxia,24 Hours,0.615,100 ppm
SVG,Ox66,Hypoxia,24 Hours,0.63,100 ppm
SVG,Ox66,Hypoxia,24 Hours,0.637,100 ppm
SVG,Ox66,Hypoxia,24 Hours,0.672,100 ppm
SVG,Ox66,Hypoxia,24 Hours,0.778,100 ppm
SVG,Ox66,Hypoxia,24 Hours,0.66,100 ppm
SVG,Ox66,Hypoxia,24 Hours,0.617,100 ppm
SVG,Ox66,Hypoxia,24 Hours,0.607,100 ppm
SVG,Ox66,Hypoxia,24 Hours,0.621,100 ppm
SVG,Ox66,Hypoxia,24 Hours,0.638,100 ppm
SVG,Ox66,Hypoxia,24 Hours,0.632,100 ppm
SVG,Ox66,Hypoxia,24 Hours,0.666,100 ppm
SVG,Ox66,Hypoxia,24 Hours,0.754,100 ppm
SVG,Ox66,Hypoxia,24 Hours,0.704,200 ppm
SVG,Ox66,Hypoxia,24 Hours,0.635,200 ppm
SVG,Ox66,Hypoxia,24 Hours,0.597,200 ppm
SVG,Ox66,Hypoxia,24 Hours,0.62,200 ppm
SVG,Ox66,Hypoxia,24 Hours,0.616,200 ppm
SVG,Ox66,Hypoxia,24 Hours,0.636,200 ppm
SVG,Ox66,Hypoxia,24 Hours,0.666,200 ppm
SVG,Ox66,Hypoxia,24 Hours,0.74,200 ppm
SVG,Ox66,Hypoxia,24 Hours,0.67,200 ppm
SVG,Ox66,Hypoxia,24 Hours,0.627,200 ppm
SVG,Ox66,Hypoxia,24 Hours,0.609,200 ppm
SVG,Ox66,Hypoxia,24 Hours,0.621,200 ppm
SVG,Ox66,Hypoxia,24 Hours,0.613,200 ppm
SVG,Ox66,Hypoxia,24 Hours,0.587,200 ppm
SVG,Ox66,Hypoxia,24 Hours,0.636,200 ppm
SVG,Ox66,Hypoxia,24 Hours,0.754,200 ppm
SVG,Ox66,Hypoxia,24 Hours,0.663,Blank
SVG,Ox66,Hypoxia,24 Hours,0.64,Blank
SVG,Ox66,Hypoxia,24 Hours,0.638,Blank
SVG,Ox66,Hypoxia,24 Hours,0.632,Blank
SVG,Ox66,Hypoxia,24 Hours,0.654,Blank
SVG,Ox66,Hypoxia,24 Hours,0.66,Blank
SVG,Ox66,Hypoxia,24 Hours,0.678,Blank
SVG,Ox66,Hypoxia,24 Hours,0.745,Blank
SVG,Ox66,Hypoxia,24 Hours,0.684,Blank
SVG,Ox66,Hypoxia,24 Hours,0.644,Blank
SVG,Ox66,Hypoxia,24 Hours,0.63,Blank
SVG,Ox66,Hypoxia,24 Hours,0.636,Blank
SVG,Ox66,Hypoxia,24 Hours,0.676,Blank
SVG,Ox66,Hypoxia,24 Hours,0.699,Blank
SVG,Ox66,Hypoxia,24 Hours,0.719,Blank
SVG,Ox66,Hypoxia,24 Hours,0.964,Blank
SVG,Ox66,Hypoxia,24 Hours,0.702,50 ppm
SVG,Ox66,Hypoxia,24 Hours,0.646,50 ppm
SVG,Ox66,Hypoxia,24 Hours,0.631,50 ppm
SVG,Ox66,Hypoxia,24 Hours,0.633,50 ppm
SVG,Ox66,Hypoxia,24 Hours,0.651,50 ppm
SVG,Ox66,Hypoxia,24 Hours,0.651,50 ppm
SVG,Ox66,Hypoxia,24 Hours,0.687,50 ppm
SVG,Ox66,Hypoxia,24 Hours,0.8,50 ppm
SVG,Ox66,Hypoxia,24 Hours,0.706,50 ppm
SVG,Ox66,Hypoxia,24 Hours,0.673,50 ppm
SVG,Ox66,Hypoxia,24 Hours,0.644,50 ppm
SVG,Ox66,Hypoxia,24 Hours,0.638,50 ppm
SVG,Ox66,Hypoxia,24 Hours,0.65,50 ppm
SVG,Ox66,Hypoxia,24 Hours,0.672,50 ppm
SVG,Ox66,Hypoxia,24 Hours,0.71,50 ppm
SVG,Ox66,Hypoxia,24 Hours,0.81,50 ppm
SVG,Ox66,Hypoxia,24 Hours,0.704,100 ppm
SVG,Ox66,Hypoxia,24 Hours,0.666,100 ppm
SVG,Ox66,Hypoxia,24 Hours,0.652,100 ppm
SVG,Ox66,Hypoxia,24 Hours,0.647,100 ppm
SVG,Ox66,Hypoxia,24 Hours,0.658,100 ppm
SVG,Ox66,Hypoxia,24 Hours,0.671,100 ppm
SVG,Ox66,Hypoxia,24 Hours,0.698,100 ppm
SVG,Ox66,Hypoxia,24 Hours,0.779,100 ppm
SVG,Ox66,Hypoxia,24 Hours,0.691,100 ppm
SVG,Ox66,Hypoxia,24 Hours,0.642,100 ppm
SVG,Ox66,Hypoxia,24 Hours,0.639,100 ppm
SVG,Ox66,Hypoxia,24 Hours,0.628,100 ppm
SVG,Ox66,Hypoxia,24 Hours,0.644,100 ppm
SVG,Ox66,Hypoxia,24 Hours,0.665,100 ppm
SVG,Ox66,Hypoxia,24 Hours,0.681,100 ppm
SVG,Ox66,Hypoxia,24 Hours,0.792,100 ppm
SVG,Ox66,Hypoxia,24 Hours,0.708,200 ppm
SVG,Ox66,Hypoxia,24 Hours,0.681,200 ppm
SVG,Ox66,Hypoxia,24 Hours,0.669,200 ppm
SVG,Ox66,Hypoxia,24 Hours,0.662,200 ppm
SVG,Ox66,Hypoxia,24 Hours,0.658,200 ppm
SVG,Ox66,Hypoxia,24 Hours,0.67,200 ppm
SVG,Ox66,Hypoxia,24 Hours,0.687,200 ppm
SVG,Ox66,Hypoxia,24 Hours,0.762,200 ppm
SVG,Ox66,Hypoxia,24 Hours,0.694,200 ppm
SVG,Ox66,Hypoxia,24 Hours,0.644,200 ppm
SVG,Ox66,Hypoxia,24 Hours,0.635,200 ppm
SVG,Ox66,Hypoxia,24 Hours,0.645,200 ppm
SVG,Ox66,Hypoxia,24 Hours,0.648,200 ppm
SVG,Ox66,Hypoxia,24 Hours,0.671,200 ppm
SVG,Ox66,Hypoxia,24 Hours,0.72,200 ppm
SVG,Ox66,Hypoxia,24 Hours,0.805,200 ppm
SVG,DEP + Ox66,Hypoxia,24 Hours,0.449,Blank
SVG,DEP + Ox66,Hypoxia,24 Hours,0.38,Blank
SVG,DEP + Ox66,Hypoxia,24 Hours,0.407,Blank
SVG,DEP + Ox66,Hypoxia,24 Hours,0.39,Blank
SVG,DEP + Ox66,Hypoxia,24 Hours,0.414,Blank
SVG,DEP + Ox66,Hypoxia,24 Hours,0.413,Blank
SVG,DEP + Ox66,Hypoxia,24 Hours,0.367,Blank
SVG,DEP + Ox66,Hypoxia,24 Hours,0.431,Blank
SVG,DEP + Ox66,Hypoxia,24 Hours,0.436,Blank
SVG,DEP + Ox66,Hypoxia,24 Hours,0.413,Blank
SVG,DEP + Ox66,Hypoxia,24 Hours,0.406,Blank
SVG,DEP + Ox66,Hypoxia,24 Hours,0.394,Blank
SVG,DEP + Ox66,Hypoxia,24 Hours,0.399,Blank
SVG,DEP + Ox66,Hypoxia,24 Hours,0.401,Blank
SVG,DEP + Ox66,Hypoxia,24 Hours,0.419,Blank
SVG,DEP + Ox66,Hypoxia,24 Hours,0.438,Blank
SVG,DEP + Ox66,Hypoxia,24 Hours,0.475,20 ug/ml + 50 ppm
SVG,DEP + Ox66,Hypoxia,24 Hours,0.444,20 ug/ml + 50 ppm
SVG,DEP + Ox66,Hypoxia,24 Hours,0.433,20 ug/ml + 50 ppm
SVG,DEP + Ox66,Hypoxia,24 Hours,0.439,20 ug/ml + 50 ppm
SVG,DEP + Ox66,Hypoxia,24 Hours,0.433,20 ug/ml + 50 ppm
SVG,DEP + Ox66,Hypoxia,24 Hours,0.422,20 ug/ml + 50 ppm
SVG,DEP + Ox66,Hypoxia,24 Hours,0.447,20 ug/ml + 50 ppm
SVG,DEP + Ox66,Hypoxia,24 Hours,0.467,20 ug/ml + 50 ppm
SVG,DEP + Ox66,Hypoxia,24 Hours,0.461,20 ug/ml + 50 ppm
SVG,DEP + Ox66,Hypoxia,24 Hours,0.432,20 ug/ml + 50 ppm
SVG,DEP + Ox66,Hypoxia,24 Hours,0.429,20 ug/ml + 50 ppm
SVG,DEP + Ox66,Hypoxia,24 Hours,0.418,20 ug/ml + 50 ppm
SVG,DEP + Ox66,Hypoxia,24 Hours,0.417,20 ug/ml + 50 ppm
SVG,DEP + Ox66,Hypoxia,24 Hours,0.425,20 ug/ml + 50 ppm
SVG,DEP + Ox66,Hypoxia,24 Hours,0.431,20 ug/ml + 50 ppm
SVG,DEP + Ox66,Hypoxia,24 Hours,0.459,20 ug/ml + 50 ppm
SVG,DEP + Ox66,Hypoxia,24 Hours,0.491,50 ug/ml + 100 ppm
SVG,DEP + Ox66,Hypoxia,24 Hours,0.45,50 ug/ml + 100 ppm
SVG,DEP + Ox66,Hypoxia,24 Hours,0.445,50 ug/ml + 100 ppm
SVG,DEP + Ox66,Hypoxia,24 Hours,0.437,50 ug/ml + 100 ppm
SVG,DEP + Ox66,Hypoxia,24 Hours,0.436,50 ug/ml + 100 ppm
SVG,DEP + Ox66,Hypoxia,24 Hours,0.442,50 ug/ml + 100 ppm
SVG,DEP + Ox66,Hypoxia,24 Hours,0.45,50 ug/ml + 100 ppm
SVG,DEP + Ox66,Hypoxia,24 Hours,0.474,50 ug/ml + 100 ppm
SVG,DEP + Ox66,Hypoxia,24 Hours,0.475,50 ug/ml + 100 ppm
SVG,DEP + Ox66,Hypoxia,24 Hours,0.448,50 ug/ml + 100 ppm
SVG,DEP + Ox66,Hypoxia,24 Hours,0.437,50 ug/ml + 100 ppm
SVG,DEP + Ox66,Hypoxia,24 Hours,0.439,50 ug/ml + 100 ppm
SVG,DEP + Ox66,Hypoxia,24 Hours,0.436,50 ug/ml + 100 ppm
SVG,DEP + Ox66,Hypoxia,24 Hours,0.437,50 ug/ml + 100 ppm
SVG,DEP + Ox66,Hypoxia,24 Hours,0.445,50 ug/ml + 100 ppm
SVG,DEP + Ox66,Hypoxia,24 Hours,0.47,50 ug/ml + 100 ppm
SVG,DEP + Ox66,Hypoxia,24 Hours,0.503,100 ug/ml + 200 ppm
SVG,DEP + Ox66,Hypoxia,24 Hours,0.476,100 ug/ml + 200 ppm
SVG,DEP + Ox66,Hypoxia,24 Hours,0.467,100 ug/ml + 200 ppm
SVG,DEP + Ox66,Hypoxia,24 Hours,0.466,100 ug/ml + 200 ppm
SVG,DEP + Ox66,Hypoxia,24 Hours,0.455,100 ug/ml + 200 ppm
SVG,DEP + Ox66,Hypoxia,24 Hours,0.464,100 ug/ml + 200 ppm
SVG,DEP + Ox66,Hypoxia,24 Hours,0.475,100 ug/ml + 200 ppm
SVG,DEP + Ox66,Hypoxia,24 Hours,0.507,100 ug/ml + 200 ppm
SVG,DEP + Ox66,Hypoxia,24 Hours,0.493,100 ug/ml + 200 ppm
SVG,DEP + Ox66,Hypoxia,24 Hours,0.457,100 ug/ml + 200 ppm
SVG,DEP + Ox66,Hypoxia,24 Hours,0.454,100 ug/ml + 200 ppm
SVG,DEP + Ox66,Hypoxia,24 Hours,0.452,100 ug/ml + 200 ppm
SVG,DEP + Ox66,Hypoxia,24 Hours,0.45,100 ug/ml + 200 ppm
SVG,DEP + Ox66,Hypoxia,24 Hours,0.453,100 ug/ml + 200 ppm
SVG,DEP + Ox66,Hypoxia,24 Hours,0.47,100 ug/ml + 200 ppm
SVG,DEP + Ox66,Hypoxia,24 Hours,0.483,100 ug/ml + 200 ppm
SVG,DEP + Ox66,Hypoxia,24 Hours,0.48,Blank
SVG,DEP + Ox66,Hypoxia,24 Hours,0.446,Blank
SVG,DEP + Ox66,Hypoxia,24 Hours,0.437,Blank
SVG,DEP + Ox66,Hypoxia,24 Hours,0.432,Blank
SVG,DEP + Ox66,Hypoxia,24 Hours,0.436,Blank
SVG,DEP + Ox66,Hypoxia,24 Hours,0.45,Blank
SVG,DEP + Ox66,Hypoxia,24 Hours,0.465,Blank
SVG,DEP + Ox66,Hypoxia,24 Hours,0.503,Blank
SVG,DEP + Ox66,Hypoxia,24 Hours,0.487,Blank
SVG,DEP + Ox66,Hypoxia,24 Hours,0.447,Blank
SVG,DEP + Ox66,Hypoxia,24 Hours,0.439,Blank
SVG,DEP + Ox66,Hypoxia,24 Hours,0.432,Blank
SVG,DEP + Ox66,Hypoxia,24 Hours,0.442,Blank
SVG,DEP + Ox66,Hypoxia,24 Hours,0.45,Blank
SVG,DEP + Ox66,Hypoxia,24 Hours,0.467,Blank
SVG,DEP + Ox66,Hypoxia,24 Hours,0.501,Blank
SVG,DEP + Ox66,Hypoxia,24 Hours,0.516,20 ug/ml + 50 ppm
SVG,DEP + Ox66,Hypoxia,24 Hours,0.474,20 ug/ml + 50 ppm
SVG,DEP + Ox66,Hypoxia,24 Hours,0.472,20 ug/ml + 50 ppm
SVG,DEP + Ox66,Hypoxia,24 Hours,0.468,20 ug/ml + 50 ppm
SVG,DEP + Ox66,Hypoxia,24 Hours,0.469,20 ug/ml + 50 ppm
SVG,DEP + Ox66,Hypoxia,24 Hours,0.471,20 ug/ml + 50 ppm
SVG,DEP + Ox66,Hypoxia,24 Hours,0.489,20 ug/ml + 50 ppm
SVG,DEP + Ox66,Hypoxia,24 Hours,0.531,20 ug/ml + 50 ppm
SVG,DEP + Ox66,Hypoxia,24 Hours,0.518,20 ug/ml + 50 ppm
SVG,DEP + Ox66,Hypoxia,24 Hours,0.467,20 ug/ml + 50 ppm
SVG,DEP + Ox66,Hypoxia,24 Hours,0.465,20 ug/ml + 50 ppm
SVG,DEP + Ox66,Hypoxia,24 Hours,0.46,20 ug/ml + 50 ppm
SVG,DEP + Ox66,Hypoxia,24 Hours,0.453,20 ug/ml + 50 ppm
SVG,DEP + Ox66,Hypoxia,24 Hours,0.469,20 ug/ml + 50 ppm
SVG,DEP + Ox66,Hypoxia,24 Hours,0.48,20 ug/ml + 50 ppm
SVG,DEP + Ox66,Hypoxia,24 Hours,0.525,20 ug/ml + 50 ppm
SVG,DEP + Ox66,Hypoxia,24 Hours,0.53,50 ug/ml + 100 ppm
SVG,DEP + Ox66,Hypoxia,24 Hours,0.481,50 ug/ml + 100 ppm
SVG,DEP + Ox66,Hypoxia,24 Hours,0.479,50 ug/ml + 100 ppm
SVG,DEP + Ox66,Hypoxia,24 Hours,0.48,50 ug/ml + 100 ppm
SVG,DEP + Ox66,Hypoxia,24 Hours,0.481,50 ug/ml + 100 ppm
SVG,DEP + Ox66,Hypoxia,24 Hours,0.483,50 ug/ml + 100 ppm
SVG,DEP + Ox66,Hypoxia,24 Hours,0.494,50 ug/ml + 100 ppm
SVG,DEP + Ox66,Hypoxia,24 Hours,0.531,50 ug/ml + 100 ppm
SVG,DEP + Ox66,Hypoxia,24 Hours,0.53,50 ug/ml + 100 ppm
SVG,DEP + Ox66,Hypoxia,24 Hours,0.478,50 ug/ml + 100 ppm
SVG,DEP + Ox66,Hypoxia,24 Hours,0.479,50 ug/ml + 100 ppm
SVG,DEP + Ox66,Hypoxia,24 Hours,0.474,50 ug/ml + 100 ppm
SVG,DEP + Ox66,Hypoxia,24 Hours,0.478,50 ug/ml + 100 ppm
SVG,DEP + Ox66,Hypoxia,24 Hours,0.477,50 ug/ml + 100 ppm
SVG,DEP + Ox66,Hypoxia,24 Hours,0.5,50 ug/ml + 100 ppm
SVG,DEP + Ox66,Hypoxia,24 Hours,0.534,50 ug/ml + 100 ppm
SVG,DEP + Ox66,Hypoxia,24 Hours,0.556,100 ug/ml + 200 ppm
SVG,DEP + Ox66,Hypoxia,24 Hours,0.514,100 ug/ml + 200 ppm
SVG,DEP + Ox66,Hypoxia,24 Hours,0.515,100 ug/ml + 200 ppm
SVG,DEP + Ox66,Hypoxia,24 Hours,0.504,100 ug/ml + 200 ppm
SVG,DEP + Ox66,Hypoxia,24 Hours,0.51,100 ug/ml + 200 ppm
SVG,DEP + Ox66,Hypoxia,24 Hours,0.517,100 ug/ml + 200 ppm
SVG,DEP + Ox66,Hypoxia,24 Hours,0.525,100 ug/ml + 200 ppm
SVG,DEP + Ox66,Hypoxia,24 Hours,0.562,100 ug/ml + 200 ppm
SVG,DEP + Ox66,Hypoxia,24 Hours,0.55,100 ug/ml + 200 ppm
SVG,DEP + Ox66,Hypoxia,24 Hours,0.502,100 ug/ml + 200 ppm
SVG,DEP + Ox66,Hypoxia,24 Hours,0.491,100 ug/ml + 200 ppm
SVG,DEP + Ox66,Hypoxia,24 Hours,0.486,100 ug/ml + 200 ppm
SVG,DEP + Ox66,Hypoxia,24 Hours,0.478,100 ug/ml + 200 ppm
SVG,DEP + Ox66,Hypoxia,24 Hours,0.5,100 ug/ml + 200 ppm
SVG,DEP + Ox66,Hypoxia,24 Hours,0.514,100 ug/ml + 200 ppm
SVG,DEP + Ox66,Hypoxia,24 Hours,0.548,100 ug/ml + 200 ppm
SVG,DEP + Ox66,Hypoxia,24 Hours,0.48,Blank
SVG,DEP + Ox66,Hypoxia,24 Hours,0.444,Blank
SVG,DEP + Ox66,Hypoxia,24 Hours,0.438,Blank
SVG,DEP + Ox66,Hypoxia,24 Hours,0.434,Blank
SVG,DEP + Ox66,Hypoxia,24 Hours,0.426,Blank
SVG,DEP + Ox66,Hypoxia,24 Hours,0.439,Blank
SVG,DEP + Ox66,Hypoxia,24 Hours,0.462,Blank
SVG,DEP + Ox66,Hypoxia,24 Hours,0.494,Blank
SVG,DEP + Ox66,Hypoxia,24 Hours,0.481,Blank
SVG,DEP + Ox66,Hypoxia,24 Hours,0.438,Blank
SVG,DEP + Ox66,Hypoxia,24 Hours,0.435,Blank
SVG,DEP + Ox66,Hypoxia,24 Hours,0.429,Blank
SVG,DEP + Ox66,Hypoxia,24 Hours,0.418,Blank
SVG,DEP + Ox66,Hypoxia,24 Hours,0.436,Blank
SVG,DEP + Ox66,Hypoxia,24 Hours,0.453,Blank
SVG,DEP + Ox66,Hypoxia,24 Hours,0.484,Blank
SVG,DEP + Ox66,Hypoxia,24 Hours,0.514,20 ug/ml + 50 ppm
SVG,DEP + Ox66,Hypoxia,24 Hours,0.47,20 ug/ml + 50 ppm
SVG,DEP + Ox66,Hypoxia,24 Hours,0.472,20 ug/ml + 50 ppm
SVG,DEP + Ox66,Hypoxia,24 Hours,0.465,20 ug/ml + 50 ppm
SVG,DEP + Ox66,Hypoxia,24 Hours,0.468,20 ug/ml + 50 ppm
SVG,DEP + Ox66,Hypoxia,24 Hours,0.479,20 ug/ml + 50 ppm
SVG,DEP + Ox66,Hypoxia,24 Hours,0.487,20 ug/ml + 50 ppm
SVG,DEP + Ox66,Hypoxia,24 Hours,0.538,20 ug/ml + 50 ppm
SVG,DEP + Ox66,Hypoxia,24 Hours,0.515,20 ug/ml + 50 ppm
SVG,DEP + Ox66,Hypoxia,24 Hours,0.48,20 ug/ml + 50 ppm
SVG,DEP + Ox66,Hypoxia,24 Hours,0.47,20 ug/ml + 50 ppm
SVG,DEP + Ox66,Hypoxia,24 Hours,0.466,20 ug/ml + 50 ppm
SVG,DEP + Ox66,Hypoxia,24 Hours,0.462,20 ug/ml + 50 ppm
SVG,DEP + Ox66,Hypoxia,24 Hours,0.473,20 ug/ml + 50 ppm
SVG,DEP + Ox66,Hypoxia,24 Hours,0.489,20 ug/ml + 50 ppm
SVG,DEP + Ox66,Hypoxia,24 Hours,0.529,20 ug/ml + 50 ppm
SVG,DEP + Ox66,Hypoxia,24 Hours,0.523,50 ug/ml + 100 ppm
SVG,DEP + Ox66,Hypoxia,24 Hours,0.496,50 ug/ml + 100 ppm
SVG,DEP + Ox66,Hypoxia,24 Hours,0.485,50 ug/ml + 100 ppm
SVG,DEP + Ox66,Hypoxia,24 Hours,0.49,50 ug/ml + 100 ppm
SVG,DEP + Ox66,Hypoxia,24 Hours,0.48,50 ug/ml + 100 ppm
SVG,DEP + Ox66,Hypoxia,24 Hours,0.494,50 ug/ml + 100 ppm
SVG,DEP + Ox66,Hypoxia,24 Hours,0.515,50 ug/ml + 100 ppm
SVG,DEP + Ox66,Hypoxia,24 Hours,0.547,50 ug/ml + 100 ppm
SVG,DEP + Ox66,Hypoxia,24 Hours,0.502,50 ug/ml + 100 ppm
SVG,DEP + Ox66,Hypoxia,24 Hours,0.468,50 ug/ml + 100 ppm
SVG,DEP + Ox66,Hypoxia,24 Hours,0.466,50 ug/ml + 100 ppm
SVG,DEP + Ox66,Hypoxia,24 Hours,0.46,50 ug/ml + 100 ppm
SVG,DEP + Ox66,Hypoxia,24 Hours,0.449,50 ug/ml + 100 ppm
SVG,DEP + Ox66,Hypoxia,24 Hours,0.475,50 ug/ml + 100 ppm
SVG,DEP + Ox66,Hypoxia,24 Hours,0.492,50 ug/ml + 100 ppm
SVG,DEP + Ox66,Hypoxia,24 Hours,0.53,50 ug/ml + 100 ppm
SVG,DEP + Ox66,Hypoxia,24 Hours,0.533,100 ug/ml + 200 ppm
SVG,DEP + Ox66,Hypoxia,24 Hours,0.502,100 ug/ml + 200 ppm
SVG,DEP + Ox66,Hypoxia,24 Hours,0.504,100 ug/ml + 200 ppm
SVG,DEP + Ox66,Hypoxia,24 Hours,0.505,100 ug/ml + 200 ppm
SVG,DEP + Ox66,Hypoxia,24 Hours,0.506,100 ug/ml + 200 ppm
SVG,DEP + Ox66,Hypoxia,24 Hours,0.512,100 ug/ml + 200 ppm
SVG,DEP + Ox66,Hypoxia,24 Hours,0.532,100 ug/ml + 200 ppm
SVG,DEP + Ox66,Hypoxia,24 Hours,0.569,100 ug/ml + 200 ppm
SVG,DEP + Ox66,Hypoxia,24 Hours,0.552,100 ug/ml + 200 ppm
SVG,DEP + Ox66,Hypoxia,24 Hours,0.51,100 ug/ml + 200 ppm
SVG,DEP + Ox66,Hypoxia,24 Hours,0.51,100 ug/ml + 200 ppm
SVG,DEP + Ox66,Hypoxia,24 Hours,0.503,100 ug/ml + 200 ppm
SVG,DEP + Ox66,Hypoxia,24 Hours,0.509,100 ug/ml + 200 ppm
SVG,DEP + Ox66,Hypoxia,24 Hours,0.529,100 ug/ml + 200 ppm
SVG,DEP + Ox66,Hypoxia,24 Hours,0.535,100 ug/ml + 200 ppm
SVG,DEP + Ox66,Hypoxia,24 Hours,0.57,100 ug/ml + 200 ppm
SVG,DEP + Ox66,Normoxia,24 Hours,0.563,Blank
SVG,DEP + Ox66,Normoxia,24 Hours,0.537,Blank
SVG,DEP + Ox66,Normoxia,24 Hours,0.507,Blank
SVG,DEP + Ox66,Normoxia,24 Hours,0.53,Blank
SVG,DEP + Ox66,Normoxia,24 Hours,0.542,Blank
SVG,DEP + Ox66,Normoxia,24 Hours,0.54,Blank
SVG,DEP + Ox66,Normoxia,24 Hours,0.534,Blank
SVG,DEP + Ox66,Normoxia,24 Hours,0.553,Blank
SVG,DEP + Ox66,Normoxia,24 Hours,0.532,Blank
SVG,DEP + Ox66,Normoxia,24 Hours,0.51,Blank
SVG,DEP + Ox66,Normoxia,24 Hours,0.492,Blank
SVG,DEP + Ox66,Normoxia,24 Hours,0.502,Blank
SVG,DEP + Ox66,Normoxia,24 Hours,0.502,Blank
SVG,DEP + Ox66,Normoxia,24 Hours,0.508,Blank
SVG,DEP + Ox66,Normoxia,24 Hours,0.517,Blank
SVG,DEP + Ox66,Normoxia,24 Hours,0.522,Blank
SVG,DEP + Ox66,Normoxia,24 Hours,0.558,20 ug/ml + 50 ppm
SVG,DEP + Ox66,Normoxia,24 Hours,0.531,20 ug/ml + 50 ppm
SVG,DEP + Ox66,Normoxia,24 Hours,0.524,20 ug/ml + 50 ppm
SVG,DEP + Ox66,Normoxia,24 Hours,0.532,20 ug/ml + 50 ppm
SVG,DEP + Ox66,Normoxia,24 Hours,0.53,20 ug/ml + 50 ppm
SVG,DEP + Ox66,Normoxia,24 Hours,0.531,20 ug/ml + 50 ppm
SVG,DEP + Ox66,Normoxia,24 Hours,0.541,20 ug/ml + 50 ppm
SVG,DEP + Ox66,Normoxia,24 Hours,0.566,20 ug/ml + 50 ppm
SVG,DEP + Ox66,Normoxia,24 Hours,0.545,20 ug/ml + 50 ppm
SVG,DEP + Ox66,Normoxia,24 Hours,0.518,20 ug/ml + 50 ppm
SVG,DEP + Ox66,Normoxia,24 Hours,0.515,20 ug/ml + 50 ppm
SVG,DEP + Ox66,Normoxia,24 Hours,0.521,20 ug/ml + 50 ppm
SVG,DEP + Ox66,Normoxia,24 Hours,0.519,20 ug/ml + 50 ppm
SVG,DEP + Ox66,Normoxia,24 Hours,0.515,20 ug/ml + 50 ppm
SVG,DEP + Ox66,Normoxia,24 Hours,0.525,20 ug/ml + 50 ppm
SVG,DEP + Ox66,Normoxia,24 Hours,0.548,20 ug/ml + 50 ppm
SVG,DEP + Ox66,Normoxia,24 Hours,0.555,50 ug/ml + 100 ppm
SVG,DEP + Ox66,Normoxia,24 Hours,0.532,50 ug/ml + 100 ppm
SVG,DEP + Ox66,Normoxia,24 Hours,0.521,50 ug/ml + 100 ppm
SVG,DEP + Ox66,Normoxia,24 Hours,0.491,50 ug/ml + 100 ppm
SVG,DEP + Ox66,Normoxia,24 Hours,0.534,50 ug/ml + 100 ppm
SVG,DEP + Ox66,Normoxia,24 Hours,0.527,50 ug/ml + 100 ppm
SVG,DEP + Ox66,Normoxia,24 Hours,0.543,50 ug/ml + 100 ppm
SVG,DEP + Ox66,Normoxia,24 Hours,0.561,50 ug/ml + 100 ppm
SVG,DEP + Ox66,Normoxia,24 Hours,0.558,50 ug/ml + 100 ppm
SVG,DEP + Ox66,Normoxia,24 Hours,0.526,50 ug/ml + 100 ppm
SVG,DEP + Ox66,Normoxia,24 Hours,0.518,50 ug/ml + 100 ppm
SVG,DEP + Ox66,Normoxia,24 Hours,0.517,50 ug/ml + 100 ppm
SVG,DEP + Ox66,Normoxia,24 Hours,0.523,50 ug/ml + 100 ppm
SVG,DEP + Ox66,Normoxia,24 Hours,0.518,50 ug/ml + 100 ppm
SVG,DEP + Ox66,Normoxia,24 Hours,0.537,50 ug/ml + 100 ppm
SVG,DEP + Ox66,Normoxia,24 Hours,0.56,50 ug/ml + 100 ppm
SVG,DEP + Ox66,Normoxia,24 Hours,0.578,100 ug/ml + 200 ppm
SVG,DEP + Ox66,Normoxia,24 Hours,0.548,100 ug/ml + 200 ppm
SVG,DEP + Ox66,Normoxia,24 Hours,0.549,100 ug/ml + 200 ppm
SVG,DEP + Ox66,Normoxia,24 Hours,0.544,100 ug/ml + 200 ppm
SVG,DEP + Ox66,Normoxia,24 Hours,0.547,100 ug/ml + 200 ppm
SVG,DEP + Ox66,Normoxia,24 Hours,0.55,100 ug/ml + 200 ppm
SVG,DEP + Ox66,Normoxia,24 Hours,0.555,100 ug/ml + 200 ppm
SVG,DEP + Ox66,Normoxia,24 Hours,0.579,100 ug/ml + 200 ppm
SVG,DEP + Ox66,Normoxia,24 Hours,0.559,100 ug/ml + 200 ppm
SVG,DEP + Ox66,Normoxia,24 Hours,0.534,100 ug/ml + 200 ppm
SVG,DEP + Ox66,Normoxia,24 Hours,0.523,100 ug/ml + 200 ppm
SVG,DEP + Ox66,Normoxia,24 Hours,0.533,100 ug/ml + 200 ppm
SVG,DEP + Ox66,Normoxia,24 Hours,0.538,100 ug/ml + 200 ppm
SVG,DEP + Ox66,Normoxia,24 Hours,0.535,100 ug/ml + 200 ppm
SVG,DEP + Ox66,Normoxia,24 Hours,0.556,100 ug/ml + 200 ppm
SVG,DEP + Ox66,Normoxia,24 Hours,0.575,100 ug/ml + 200 ppm
SVG,DEP + Ox66,Normoxia,24 Hours,0.55,Blank
SVG,DEP + Ox66,Normoxia,24 Hours,0.522,Blank
SVG,DEP + Ox66,Normoxia,24 Hours,0.514,Blank
SVG,DEP + Ox66,Normoxia,24 Hours,0.515,Blank
SVG,DEP + Ox66,Normoxia,24 Hours,0.518,Blank
SVG,DEP + Ox66,Normoxia,24 Hours,0.514,Blank
SVG,DEP + Ox66,Normoxia,24 Hours,0.526,Blank
SVG,DEP + Ox66,Normoxia,24 Hours,0.551,Blank
SVG,DEP + Ox66,Normoxia,24 Hours,0.545,Blank
SVG,DEP + Ox66,Normoxia,24 Hours,0.519,Blank
SVG,DEP + Ox66,Normoxia,24 Hours,0.51,Blank
SVG,DEP + Ox66,Normoxia,24 Hours,0.516,Blank
SVG,DEP + Ox66,Normoxia,24 Hours,0.514,Blank
SVG,DEP + Ox66,Normoxia,24 Hours,0.516,Blank
SVG,DEP + Ox66,Normoxia,24 Hours,0.52,Blank
SVG,DEP + Ox66,Normoxia,24 Hours,0.543,Blank
SVG,DEP + Ox66,Normoxia,24 Hours,0.549,20 ug/ml + 50 ppm
SVG,DEP + Ox66,Normoxia,24 Hours,0.53,20 ug/ml + 50 ppm
SVG,DEP + Ox66,Normoxia,24 Hours,0.514,20 ug/ml + 50 ppm
SVG,DEP + Ox66,Normoxia,24 Hours,0.524,20 ug/ml + 50 ppm
SVG,DEP + Ox66,Normoxia,24 Hours,0.52,20 ug/ml + 50 ppm
SVG,DEP + Ox66,Normoxia,24 Hours,0.531,20 ug/ml + 50 ppm
SVG,DEP + Ox66,Normoxia,24 Hours,0.542,20 ug/ml + 50 ppm
SVG,DEP + Ox66,Normoxia,24 Hours,0.564,20 ug/ml + 50 ppm
SVG,DEP + Ox66,Normoxia,24 Hours,0.546,20 ug/ml + 50 ppm
SVG,DEP + Ox66,Normoxia,24 Hours,0.541,20 ug/ml + 50 ppm
SVG,DEP + Ox66,Normoxia,24 Hours,0.529,20 ug/ml + 50 ppm
SVG,DEP + Ox66,Normoxia,24 Hours,0.525,20 ug/ml + 50 ppm
SVG,DEP + Ox66,Normoxia,24 Hours,0.533,20 ug/ml + 50 ppm
SVG,DEP + Ox66,Normoxia,24 Hours,0.521,20 ug/ml + 50 ppm
SVG,DEP + Ox66,Normoxia,24 Hours,0.536,20 ug/ml + 50 ppm
SVG,DEP + Ox66,Normoxia,24 Hours,0.575,20 ug/ml + 50 ppm
SVG,DEP + Ox66,Normoxia,24 Hours,0.563,50 ug/ml + 100 ppm
SVG,DEP + Ox66,Normoxia,24 Hours,0.544,50 ug/ml + 100 ppm
SVG,DEP + Ox66,Normoxia,24 Hours,0.531,50 ug/ml + 100 ppm
SVG,DEP + Ox66,Normoxia,24 Hours,0.538,50 ug/ml + 100 ppm
SVG,DEP + Ox66,Normoxia,24 Hours,0.543,50 ug/ml + 100 ppm
SVG,DEP + Ox66,Normoxia,24 Hours,0.536,50 ug/ml + 100 ppm
SVG,DEP + Ox66,Normoxia,24 Hours,0.545,50 ug/ml + 100 ppm
SVG,DEP + Ox66,Normoxia,24 Hours,0.57,50 ug/ml + 100 ppm
SVG,DEP + Ox66,Normoxia,24 Hours,0.562,50 ug/ml + 100 ppm
SVG,DEP + Ox66,Normoxia,24 Hours,0.544,50 ug/ml + 100 ppm
SVG,DEP + Ox66,Normoxia,24 Hours,0.529,50 ug/ml + 100 ppm
SVG,DEP + Ox66,Normoxia,24 Hours,0.542,50 ug/ml + 100 ppm
SVG,DEP + Ox66,Normoxia,24 Hours,0.541,50 ug/ml + 100 ppm
SVG,DEP + Ox66,Normoxia,24 Hours,0.54,50 ug/ml + 100 ppm
SVG,DEP + Ox66,Normoxia,24 Hours,0.55,50 ug/ml + 100 ppm
SVG,DEP + Ox66,Normoxia,24 Hours,0.579,50 ug/ml + 100 ppm
SVG,DEP + Ox66,Normoxia,24 Hours,0.59,100 ug/ml + 200 ppm
SVG,DEP + Ox66,Normoxia,24 Hours,0.569,100 ug/ml + 200 ppm
SVG,DEP + Ox66,Normoxia,24 Hours,0.567,100 ug/ml + 200 ppm
SVG,DEP + Ox66,Normoxia,24 Hours,0.567,100 ug/ml + 200 ppm
SVG,DEP + Ox66,Normoxia,24 Hours,0.549,100 ug/ml + 200 ppm
SVG,DEP + Ox66,Normoxia,24 Hours,0.553,100 ug/ml + 200 ppm
SVG,DEP + Ox66,Normoxia,24 Hours,0.567,100 ug/ml + 200 ppm
SVG,DEP + Ox66,Normoxia,24 Hours,0.562,100 ug/ml + 200 ppm
SVG,DEP + Ox66,Normoxia,24 Hours,0.561,100 ug/ml + 200 ppm
SVG,DEP + Ox66,Normoxia,24 Hours,0.556,100 ug/ml + 200 ppm
SVG,DEP + Ox66,Normoxia,24 Hours,0.541,100 ug/ml + 200 ppm
SVG,DEP + Ox66,Normoxia,24 Hours,0.547,100 ug/ml + 200 ppm
SVG,DEP + Ox66,Normoxia,24 Hours,0.557,100 ug/ml + 200 ppm
SVG,DEP + Ox66,Normoxia,24 Hours,0.567,100 ug/ml + 200 ppm
SVG,DEP + Ox66,Normoxia,24 Hours,0.552,100 ug/ml + 200 ppm
SVG,DEP + Ox66,Normoxia,24 Hours,0.581,100 ug/ml + 200 ppm
SVG,DEP + Ox66,Normoxia,24 Hours,0.535,Blank
SVG,DEP + Ox66,Normoxia,24 Hours,0.517,Blank
SVG,DEP + Ox66,Normoxia,24 Hours,0.512,Blank
SVG,DEP + Ox66,Normoxia,24 Hours,0.512,Blank
SVG,DEP + Ox66,Normoxia,24 Hours,0.531,Blank
SVG,DEP + Ox66,Normoxia,24 Hours,0.523,Blank
SVG,DEP + Ox66,Normoxia,24 Hours,0.535,Blank
SVG,DEP + Ox66,Normoxia,24 Hours,0.567,Blank
SVG,DEP + Ox66,Normoxia,24 Hours,0.542,Blank
SVG,DEP + Ox66,Normoxia,24 Hours,0.516,Blank
SVG,DEP + Ox66,Normoxia,24 Hours,0.518,Blank
SVG,DEP + Ox66,Normoxia,24 Hours,0.546,Blank
SVG,DEP + Ox66,Normoxia,24 Hours,0.538,Blank
SVG,DEP + Ox66,Normoxia,24 Hours,0.537,Blank
SVG,DEP + Ox66,Normoxia,24 Hours,0.538,Blank
SVG,DEP + Ox66,Normoxia,24 Hours,0.548,Blank
SVG,DEP + Ox66,Normoxia,24 Hours,0.558,20 ug/ml + 50 ppm
SVG,DEP + Ox66,Normoxia,24 Hours,0.538,20 ug/ml + 50 ppm
SVG,DEP + Ox66,Normoxia,24 Hours,0.533,20 ug/ml + 50 ppm
SVG,DEP + Ox66,Normoxia,24 Hours,0.537,20 ug/ml + 50 ppm
SVG,DEP + Ox66,Normoxia,24 Hours,0.541,20 ug/ml + 50 ppm
SVG,DEP + Ox66,Normoxia,24 Hours,0.555,20 ug/ml + 50 ppm
SVG,DEP + Ox66,Normoxia,24 Hours,0.555,20 ug/ml + 50 ppm
SVG,DEP + Ox66,Normoxia,24 Hours,0.588,20 ug/ml + 50 ppm
SVG,DEP + Ox66,Normoxia,24 Hours,0.547,20 ug/ml + 50 ppm
SVG,DEP + Ox66,Normoxia,24 Hours,0.527,20 ug/ml + 50 ppm
SVG,DEP + Ox66,Normoxia,24 Hours,0.524,20 ug/ml + 50 ppm
SVG,DEP + Ox66,Normoxia,24 Hours,0.536,20 ug/ml + 50 ppm
SVG,DEP + Ox66,Normoxia,24 Hours,0.544,20 ug/ml + 50 ppm
SVG,DEP + Ox66,Normoxia,24 Hours,0.537,20 ug/ml + 50 ppm
SVG,DEP + Ox66,Normoxia,24 Hours,0.555,20 ug/ml + 50 ppm
SVG,DEP + Ox66,Normoxia,24 Hours,0.579,20 ug/ml + 50 ppm
SVG,DEP + Ox66,Normoxia,24 Hours,0.574,50 ug/ml + 100 ppm
SVG,DEP + Ox66,Normoxia,24 Hours,0.549,50 ug/ml + 100 ppm
SVG,DEP + Ox66,Normoxia,24 Hours,0.556,50 ug/ml + 100 ppm
SVG,DEP + Ox66,Normoxia,24 Hours,0.552,50 ug/ml + 100 ppm
SVG,DEP + Ox66,Normoxia,24 Hours,0.568,50 ug/ml + 100 ppm
SVG,DEP + Ox66,Normoxia,24 Hours,0.576,50 ug/ml + 100 ppm
SVG,DEP + Ox66,Normoxia,24 Hours,0.582,50 ug/ml + 100 ppm
SVG,DEP + Ox66,Normoxia,24 Hours,0.622,50 ug/ml + 100 ppm
SVG,DEP + Ox66,Normoxia,24 Hours,0.567,50 ug/ml + 100 ppm
SVG,DEP + Ox66,Normoxia,24 Hours,0.533,50 ug/ml + 100 ppm
SVG,DEP + Ox66,Normoxia,24 Hours,0.541,50 ug/ml + 100 ppm
SVG,DEP + Ox66,Normoxia,24 Hours,0.561,50 ug/ml + 100 ppm
SVG,DEP + Ox66,Normoxia,24 Hours,0.556,50 ug/ml + 100 ppm
SVG,DEP + Ox66,Normoxia,24 Hours,0.552,50 ug/ml + 100 ppm
SVG,DEP + Ox66,Normoxia,24 Hours,0.561,50 ug/ml + 100 ppm
SVG,DEP + Ox66,Normoxia,24 Hours,0.574,50 ug/ml + 100 ppm
SVG,DEP + Ox66,Normoxia,24 Hours,0.58,100 ug/ml + 200 ppm
SVG,DEP + Ox66,Normoxia,24 Hours,0.57,100 ug/ml + 200 ppm
SVG,DEP + Ox66,Normoxia,24 Hours,0.564,100 ug/ml + 200 ppm
SVG,DEP + Ox66,Normoxia,24 Hours,0.562,100 ug/ml + 200 ppm
SVG,DEP + Ox66,Normoxia,24 Hours,0.581,100 ug/ml + 200 ppm
SVG,DEP + Ox66,Normoxia,24 Hours,0.6,100 ug/ml + 200 ppm
SVG,DEP + Ox66,Normoxia,24 Hours,0.601,100 ug/ml + 200 ppm
SVG,DEP + Ox66,Normoxia,24 Hours,0.62,100 ug/ml + 200 ppm
SVG,DEP + Ox66,Normoxia,24 Hours,0.579,100 ug/ml + 200 ppm
SVG,DEP + Ox66,Normoxia,24 Hours,0.564,100 ug/ml + 200 ppm
SVG,DEP + Ox66,Normoxia,24 Hours,0.563,100 ug/ml + 200 ppm
SVG,DEP + Ox66,Normoxia,24 Hours,0.558,100 ug/ml + 200 ppm
SVG,DEP + Ox66,Normoxia,24 Hours,0.571,100 ug/ml + 200 ppm
SVG,DEP + Ox66,Normoxia,24 Hours,0.596,100 ug/ml + 200 ppm
SVG,DEP + Ox66,Normoxia,24 Hours,0.603,100 ug/ml + 200 ppm
SVG,DEP + Ox66,Normoxia,24 Hours,0.627,100 ug/ml + 200 ppm
SVG,DEP,Normoxia,48 Hours,0.708,Blank
SVG,DEP,Normoxia,48 Hours,0.666,Blank
SVG,DEP,Normoxia,48 Hours,0.659,Blank
SVG,DEP,Normoxia,48 Hours,0.656,Blank
SVG,DEP,Normoxia,48 Hours,0.654,Blank
SVG,DEP,Normoxia,48 Hours,0.655,Blank
SVG,DEP,Normoxia,48 Hours,0.685,Blank
SVG,DEP,Normoxia,48 Hours,0.753,Blank
SVG,DEP,Normoxia,48 Hours,0.701,Blank
SVG,DEP,Normoxia,48 Hours,0.655,Blank
SVG,DEP,Normoxia,48 Hours,0.638,Blank
SVG,DEP,Normoxia,48 Hours,0.643,Blank
SVG,DEP,Normoxia,48 Hours,0.648,Blank
SVG,DEP,Normoxia,48 Hours,0.642,Blank
SVG,DEP,Normoxia,48 Hours,0.667,Blank
SVG,DEP,Normoxia,48 Hours,0.731,Blank
SVG,DEP,Normoxia,48 Hours,0.732,20 ug/ml
SVG,DEP,Normoxia,48 Hours,0.711,20 ug/ml
SVG,DEP,Normoxia,48 Hours,0.679,20 ug/ml
SVG,DEP,Normoxia,48 Hours,0.683,20 ug/ml
SVG,DEP,Normoxia,48 Hours,0.692,20 ug/ml
SVG,DEP,Normoxia,48 Hours,0.703,20 ug/ml
SVG,DEP,Normoxia,48 Hours,0.717,20 ug/ml
SVG,DEP,Normoxia,48 Hours,0.776,20 ug/ml
SVG,DEP,Normoxia,48 Hours,0.751,20 ug/ml
SVG,DEP,Normoxia,48 Hours,0.697,20 ug/ml
SVG,DEP,Normoxia,48 Hours,0.684,20 ug/ml
SVG,DEP,Normoxia,48 Hours,0.693,20 ug/ml
SVG,DEP,Normoxia,48 Hours,0.669,20 ug/ml
SVG,DEP,Normoxia,48 Hours,0.687,20 ug/ml
SVG,DEP,Normoxia,48 Hours,0.724,20 ug/ml
SVG,DEP,Normoxia,48 Hours,0.801,20 ug/ml
SVG,DEP,Normoxia,48 Hours,0.743,50 ug/ml
SVG,DEP,Normoxia,48 Hours,0.69,50 ug/ml
SVG,DEP,Normoxia,48 Hours,0.684,50 ug/ml
SVG,DEP,Normoxia,48 Hours,0.681,50 ug/ml
SVG,DEP,Normoxia,48 Hours,0.688,50 ug/ml
SVG,DEP,Normoxia,48 Hours,0.695,50 ug/ml
SVG,DEP,Normoxia,48 Hours,0.71,50 ug/ml
SVG,DEP,Normoxia,48 Hours,0.773,50 ug/ml
SVG,DEP,Normoxia,48 Hours,0.765,50 ug/ml
SVG,DEP,Normoxia,48 Hours,0.702,50 ug/ml
SVG,DEP,Normoxia,48 Hours,0.683,50 ug/ml
SVG,DEP,Normoxia,48 Hours,0.681,50 ug/ml
SVG,DEP,Normoxia,48 Hours,0.692,50 ug/ml
SVG,DEP,Normoxia,48 Hours,0.689,50 ug/ml
SVG,DEP,Normoxia,48 Hours,0.711,50 ug/ml
SVG,DEP,Normoxia,48 Hours,0.783,50 ug/ml
SVG,DEP,Normoxia,48 Hours,0.772,100 ug/ml
SVG,DEP,Normoxia,48 Hours,0.71,100 ug/ml
SVG,DEP,Normoxia,48 Hours,0.704,100 ug/ml
SVG,DEP,Normoxia,48 Hours,0.709,100 ug/ml
SVG,DEP,Normoxia,48 Hours,0.704,100 ug/ml
SVG,DEP,Normoxia,48 Hours,0.71,100 ug/ml
SVG,DEP,Normoxia,48 Hours,0.739,100 ug/ml
SVG,DEP,Normoxia,48 Hours,0.815,100 ug/ml
SVG,DEP,Normoxia,48 Hours,0.807,100 ug/ml
SVG,DEP,Normoxia,48 Hours,0.762,100 ug/ml
SVG,DEP,Normoxia,48 Hours,0.758,100 ug/ml
SVG,DEP,Normoxia,48 Hours,0.744,100 ug/ml
SVG,DEP,Normoxia,48 Hours,0.758,100 ug/ml
SVG,DEP,Normoxia,48 Hours,0.757,100 ug/ml
SVG,DEP,Normoxia,48 Hours,0.757,100 ug/ml
SVG,DEP,Normoxia,48 Hours,0.824,100 ug/ml
SVG,DEP,Normoxia,48 Hours,0.713,Blank
SVG,DEP,Normoxia,48 Hours,0.673,Blank
SVG,DEP,Normoxia,48 Hours,0.658,Blank
SVG,DEP,Normoxia,48 Hours,0.668,Blank
SVG,DEP,Normoxia,48 Hours,0.673,Blank
SVG,DEP,Normoxia,48 Hours,0.678,Blank
SVG,DEP,Normoxia,48 Hours,0.718,Blank
SVG,DEP,Normoxia,48 Hours,0.779,Blank
SVG,DEP,Normoxia,48 Hours,0.716,Blank
SVG,DEP,Normoxia,48 Hours,0.667,Blank
SVG,DEP,Normoxia,48 Hours,0.665,Blank
SVG,DEP,Normoxia,48 Hours,0.657,Blank
SVG,DEP,Normoxia,48 Hours,0.657,Blank
SVG,DEP,Normoxia,48 Hours,0.664,Blank
SVG,DEP,Normoxia,48 Hours,0.69,Blank
SVG,DEP,Normoxia,48 Hours,0.77,Blank
SVG,DEP,Normoxia,48 Hours,0.737,20 ug/ml
SVG,DEP,Normoxia,48 Hours,0.668,20 ug/ml
SVG,DEP,Normoxia,48 Hours,0.661,20 ug/ml
SVG,DEP,Normoxia,48 Hours,0.681,20 ug/ml
SVG,DEP,Normoxia,48 Hours,0.681,20 ug/ml
SVG,DEP,Normoxia,48 Hours,0.681,20 ug/ml
SVG,DEP,Normoxia,48 Hours,0.709,20 ug/ml
SVG,DEP,Normoxia,48 Hours,0.787,20 ug/ml
SVG,DEP,Normoxia,48 Hours,0.736,20 ug/ml
SVG,DEP,Normoxia,48 Hours,0.697,20 ug/ml
SVG,DEP,Normoxia,48 Hours,0.688,20 ug/ml
SVG,DEP,Normoxia,48 Hours,0.682,20 ug/ml
SVG,DEP,Normoxia,48 Hours,0.69,20 ug/ml
SVG,DEP,Normoxia,48 Hours,0.693,20 ug/ml
SVG,DEP,Normoxia,48 Hours,0.725,20 ug/ml
SVG,DEP,Normoxia,48 Hours,0.801,20 ug/ml
SVG,DEP,Normoxia,48 Hours,0.723,50 ug/ml
SVG,DEP,Normoxia,48 Hours,0.685,50 ug/ml
SVG,DEP,Normoxia,48 Hours,0.687,50 ug/ml
SVG,DEP,Normoxia,48 Hours,0.683,50 ug/ml
SVG,DEP,Normoxia,48 Hours,0.713,50 ug/ml
SVG,DEP,Normoxia,48 Hours,0.714,50 ug/ml
SVG,DEP,Normoxia,48 Hours,0.731,50 ug/ml
SVG,DEP,Normoxia,48 Hours,0.803,50 ug/ml
SVG,DEP,Normoxia,48 Hours,0.727,50 ug/ml
SVG,DEP,Normoxia,48 Hours,0.681,50 ug/ml
SVG,DEP,Normoxia,48 Hours,0.673,50 ug/ml
SVG,DEP,Normoxia,48 Hours,0.686,50 ug/ml
SVG,DEP,Normoxia,48 Hours,0.698,50 ug/ml
SVG,DEP,Normoxia,48 Hours,0.688,50 ug/ml
SVG,DEP,Normoxia,48 Hours,0.725,50 ug/ml
SVG,DEP,Normoxia,48 Hours,0.803,50 ug/ml
SVG,DEP,Normoxia,48 Hours,0.765,100 ug/ml
SVG,DEP,Normoxia,48 Hours,0.707,100 ug/ml
SVG,DEP,Normoxia,48 Hours,0.689,100 ug/ml
SVG,DEP,Normoxia,48 Hours,0.705,100 ug/ml
SVG,DEP,Normoxia,48 Hours,0.708,100 ug/ml
SVG,DEP,Normoxia,48 Hours,0.722,100 ug/ml
SVG,DEP,Normoxia,48 Hours,0.74,100 ug/ml
SVG,DEP,Normoxia,48 Hours,0.823,100 ug/ml
SVG,DEP,Normoxia,48 Hours,0.767,100 ug/ml
SVG,DEP,Normoxia,48 Hours,0.702,100 ug/ml
SVG,DEP,Normoxia,48 Hours,0.702,100 ug/ml
SVG,DEP,Normoxia,48 Hours,0.714,100 ug/ml
SVG,DEP,Normoxia,48 Hours,0.716,100 ug/ml
SVG,DEP,Normoxia,48 Hours,0.724,100 ug/ml
SVG,DEP,Normoxia,48 Hours,0.763,100 ug/ml
SVG,DEP,Normoxia,48 Hours,0.828,100 ug/ml
SVG,DEP,Normoxia,48 Hours,0.729,Blank
SVG,DEP,Normoxia,48 Hours,0.686,Blank
SVG,DEP,Normoxia,48 Hours,0.681,Blank
SVG,DEP,Normoxia,48 Hours,0.674,Blank
SVG,DEP,Normoxia,48 Hours,0.677,Blank
SVG,DEP,Normoxia,48 Hours,0.683,Blank
SVG,DEP,Normoxia,48 Hours,0.712,Blank
SVG,DEP,Normoxia,48 Hours,0.773,Blank
SVG,DEP,Normoxia,48 Hours,0.726,Blank
SVG,DEP,Normoxia,48 Hours,0.675,Blank
SVG,DEP,Normoxia,48 Hours,0.669,Blank
SVG,DEP,Normoxia,48 Hours,0.673,Blank
SVG,DEP,Normoxia,48 Hours,0.687,Blank
SVG,DEP,Normoxia,48 Hours,0.702,Blank
SVG,DEP,Normoxia,48 Hours,0.741,Blank
SVG,DEP,Normoxia,48 Hours,0.836,Blank
SVG,DEP,Normoxia,48 Hours,0.747,20 ug/ml
SVG,DEP,Normoxia,48 Hours,0.712,20 ug/ml
SVG,DEP,Normoxia,48 Hours,0.697,20 ug/ml
SVG,DEP,Normoxia,48 Hours,0.71,20 ug/ml
SVG,DEP,Normoxia,48 Hours,0.704,20 ug/ml
SVG,DEP,Normoxia,48 Hours,0.718,20 ug/ml
SVG,DEP,Normoxia,48 Hours,0.727,20 ug/ml
SVG,DEP,Normoxia,48 Hours,0.798,20 ug/ml
SVG,DEP,Normoxia,48 Hours,0.746,20 ug/ml
SVG,DEP,Normoxia,48 Hours,0.68,20 ug/ml
SVG,DEP,Normoxia,48 Hours,0.677,20 ug/ml
SVG,DEP,Normoxia,48 Hours,0.696,20 ug/ml
SVG,DEP,Normoxia,48 Hours,0.696,20 ug/ml
SVG,DEP,Normoxia,48 Hours,0.7,20 ug/ml
SVG,DEP,Normoxia,48 Hours,0.725,20 ug/ml
SVG,DEP,Normoxia,48 Hours,0.8,20 ug/ml
SVG,DEP,Normoxia,48 Hours,0.76,50 ug/ml
SVG,DEP,Normoxia,48 Hours,0.705,50 ug/ml
SVG,DEP,Normoxia,48 Hours,0.687,50 ug/ml
SVG,DEP,Normoxia,48 Hours,0.702,50 ug/ml
SVG,DEP,Normoxia,48 Hours,0.734,50 ug/ml
SVG,DEP,Normoxia,48 Hours,0.728,50 ug/ml
SVG,DEP,Normoxia,48 Hours,0.751,50 ug/ml
SVG,DEP,Normoxia,48 Hours,0.814,50 ug/ml
SVG,DEP,Normoxia,48 Hours,0.768,50 ug/ml
SVG,DEP,Normoxia,48 Hours,0.713,50 ug/ml
SVG,DEP,Normoxia,48 Hours,0.711,50 ug/ml
SVG,DEP,Normoxia,48 Hours,0.722,50 ug/ml
SVG,DEP,Normoxia,48 Hours,0.732,50 ug/ml
SVG,DEP,Normoxia,48 Hours,0.733,50 ug/ml
SVG,DEP,Normoxia,48 Hours,0.769,50 ug/ml
SVG,DEP,Normoxia,48 Hours,0.836,50 ug/ml
SVG,DEP,Normoxia,48 Hours,0.796,100 ug/ml
SVG,DEP,Normoxia,48 Hours,0.732,100 ug/ml
SVG,DEP,Normoxia,48 Hours,0.724,100 ug/ml
SVG,DEP,Normoxia,48 Hours,0.729,100 ug/ml
SVG,DEP,Normoxia,48 Hours,0.729,100 ug/ml
SVG,DEP,Normoxia,48 Hours,0.746,100 ug/ml
SVG,DEP,Normoxia,48 Hours,0.756,100 ug/ml
SVG,DEP,Normoxia,48 Hours,0.842,100 ug/ml
SVG,DEP,Normoxia,48 Hours,0.774,100 ug/ml
SVG,DEP,Normoxia,48 Hours,0.734,100 ug/ml
SVG,DEP,Normoxia,48 Hours,0.712,100 ug/ml
SVG,DEP,Normoxia,48 Hours,0.718,100 ug/ml
SVG,DEP,Normoxia,48 Hours,0.719,100 ug/ml
SVG,DEP,Normoxia,48 Hours,0.737,100 ug/ml
SVG,DEP,Normoxia,48 Hours,0.778,100 ug/ml
SVG,DEP,Normoxia,48 Hours,0.866,100 ug/ml
